stock_code,rDY,rPR,rOM,rCF,rPE,rROE,rEPS,rClass,rDate
5250,2.71,103.85,4.819,353993000,38.19,51.103,6.0,D,2023-10-10
7167,4.65,40.39,8.492,-143040391,12.02,8.475,10.9,C,2023-10-10
7086,0.0,0.0,4.338,810389,108.11,0.674,0.0,D,2023-10-10
5198,0.0,0.0,1.95,-45692900,0.0,-3.447,-1.2,D,2023-10-10
03028,5.66,9900.0,-0.005,-5502239,0.0,-0.253,0.0,D,2023-10-10
7131,0.0,0.0,9.486,-14948930,62.5,1.337,0.1,D,2023-10-10
0218,0.89,14.18,2.849,-1925023,19.7,4.188,1.7,D,2023-10-10
0122,0.0,0.0,-261.053,-3856372,0.0,-53.551,-5.0,D,2023-10-10
1481,0.71,0.0,-3.102,-36418000,0.0,-6.51,-1.4,D,2023-10-10
5281,0.0,0.0,-0.699,97028,0.0,-9.912,-4.8,D,2023-10-10
9148,0.0,0.0,-6.138,-330599,0.0,-7.284,-2.2,D,2023-10-10
7191,0.0,0.0,-25.435,211408,0.0,-14.218,-3.4,D,2023-10-10
7146,0.0,0.0,-16.245,-22628669,0.0,-19.977,-1.0,D,2023-10-10
0181,0.0,0.0,-30.313,-42979184,0.0,-8.148,2.0,D,2023-10-10
6599,3.64,53.91,7.073,586354000,13.87,5.806,7.9,C,2023-10-10
5139,4.06,32.54,36.981,-115593000,8.47,13.608,159.6,C,2023-10-10
5185,5.77,1609.53,19.718,2256825000,3.98,0.773,54.4,D,2023-10-10
7145,0.0,0.0,-20.956,-77911107,0.0,-57.016,3.6,D,2023-10-10
0258,0.0,0.0,27.194,3536229,25.14,27.527,2.1,D,2023-10-10
7315,0.0,0.0,-205.483,-12924108,0.0,-51.623,-2.7,D,2023-10-10
7078,0.0,0.0,-13.971,-10189000,0.0,-47.66,-13.9,D,2023-10-10
0209,0.0,0.0,14.484,23797288,29.85,8.879,1.0,D,2023-10-10
5238,0.0,0.0,-2375.049,415306000,1.31,-122.726,-15.7,D,2023-10-10
2658,0.59,12.75,5.416,-63992261,23.3,7.831,45.2,D,2023-10-10
7609,0.0,0.0,17.275,3852359,5.83,17.184,10.2,D,2023-10-10
5116,6.08,112.03,87.135,88871011,17.52,5.473,8.2,D,2023-10-10
5115,0.0,0.0,4.319,-24749481,2.76,0.0,1.4,D,2023-10-10
2674,3.13,7.22,9.334,164507000,2.28,21.276,57.7,D,2023-10-10
0079,0.0,0.0,11.795,-914274,68.18,2.155,0.0,D,2023-10-10
2488,5.92,55.28,50.092,1401089000,8.47,9.422,43.8,C,2023-10-10
1163,7.33,78.84,16.384,1057388000,10.99,11.725,136.6,D,2023-10-10
03051,0.0,0.0,-240.633,1579748,0.0,-34.611,-7.9,D,2023-10-10
5269,7.17,26.68,65.53,50827196,4.28,10.282,11.3,C,2023-10-10
5127,3.96,273.93,56.323,47834981,34.19,0.967,2.1,D,2023-10-10
5293,2.01,16.18,13.588,-10760365,53.98,15.358,0.0,C,2023-10-10
5307,5.67,51.87,83.196,31732382,10.56,0.0,10.1,C,2023-10-10
5120,8.06,116.88,50.039,53165736,18.12,1.563,2.1,D,2023-10-10
03011,1.86,35.4,5.996,-4111020,37.89,6.979,1.1,D,2023-10-10
1015,6.3,35.47,53.021,5844100000,7.15,9.798,52.4,C,2023-10-10
7031,0.0,0.0,6.786,-4526841,24.53,3.902,2.1,D,2023-10-10
6351,3.77,41.59,6.783,-18521000,11.08,33.379,46.8,C,2023-10-10
7083,1.27,8.45,18.518,14131000,7.03,7.106,21.3,D,2023-10-10
0048,0.0,0.0,5.997,1613000,0.0,-1.786,-0.1,D,2023-10-10
4758,0.84,0.0,5.672,83327000,14.13,17.129,7.6,D,2023-10-10
0226,0.0,0.0,-11.063,-17392358,0.0,-29.391,-6.0,D,2023-10-10
6556,0.0,0.0,-9.122,-111373000,0.0,-17.162,-23.7,D,2023-10-10
5082,0.0,0.0,-16.415,367243,0.0,-76.643,76.5,D,2023-10-10
5568,0.0,136.53,11.193,19555366,31.27,5.149,7.7,D,2023-10-10
5088,0.0,0.0,17.358,-77077000,34.88,2.043,3.2,D,2023-10-10
7090,2.0,26.03,10.477,40146743,4.3,59.649,14.2,A,2023-10-10
5015,6.8,95.37,2.705,66992000,13.69,2.208,13.5,D,2023-10-10
6432,6.58,57.59,15.283,36984966,11.31,14.543,39.6,C,2023-10-10
0119,0.0,0.0,8.951,-3965792,81.3,6.624,0.0,D,2023-10-10
7214,5.0,32.93,3.187,11996901,6.17,8.945,10.6,C,2023-10-10
7181,0.0,0.0,5.216,-26685000,6.14,4.94,1.5,D,2023-10-10
7007,0.0,0.0,-8.034,-1607718,0.0,-5.688,-1.2,D,2023-10-10
0038,0.25,0.0,-5.704,-9006042,0.0,-29.584,1.7,D,2023-10-10
0068,0.0,0.0,-27.676,-8161220,0.0,-6.326,-1.9,D,2023-10-10
7722,3.77,51.68,7.669,4132690,14.46,3.849,5.2,C,2023-10-10
7129,1.82,9.95,15.819,55647314,9.72,5.286,16.1,D,2023-10-10
0159,0.0,0.0,29.343,-1001284,20.91,15.038,1.0,D,2023-10-10
0105,0.0,0.0,-8.159,-27957265,0.0,-5.698,-1.1,D,2023-10-10
4057,0.0,0.0,11.162,-3465000,17.69,0.797,0.4,D,2023-10-10
7162,1.72,15.72,6.24,-86339000,8.65,6.169,9.8,D,2023-10-10
7054,0.0,0.0,-43.106,1442024,0.0,-3.074,-0.6,D,2023-10-10
03032,0.0,0.0,29.201,4149285,0.0,10.801,1.8,D,2023-10-10
6399,8.7,100.0,9.624,752651000,15.14,15.292,4.9,D,2023-10-10
0072,0.0,0.0,-136.588,1830172,0.0,-27.321,-1.4,D,2023-10-10
8176,0.0,0.0,-42.239,146769000,0.0,-43.352,-21.2,D,2023-10-10
7048,1.43,45.51,9.619,18038000,31.84,5.496,8.6,D,2023-10-10
5130,5.07,92.15,80.606,29621319,16.35,6.845,9.6,D,2023-10-10
7099,0.0,0.0,9.339,-9054626,5.98,4.606,4.5,D,2023-10-10
5302,1.74,36.17,10.578,1392521,22.89,15.398,10.4,D,2023-10-10
03037,0.0,0.0,5.752,16893602,0.0,12.51,1.1,D,2023-10-10
8885,0.0,0.0,-0.495,3822000,0.0,-2.764,-0.4,D,2023-10-10
5204,0.0,0.0,-10.458,-15560000,0.0,-3.461,-0.8,D,2023-10-10
7579,3.6,36.83,2.829,49391136,69.63,0.952,0.7,C,2023-10-10
6888,5.95,0.0,8.51,-1242499000,2.44,-28.977,106.3,D,2023-10-10
5106,4.46,93.33,70.637,228130000,17.98,6.386,11.6,D,2023-10-10
7120,0.0,0.0,-16.976,-21209233,0.0,-4.742,-2.1,D,2023-10-10
2305,2.71,36.03,41.175,35169000,13.13,7.453,47.2,C,2023-10-10
5021,2.53,14.39,4.135,4307000,6.43,6.279,9.6,C,2023-10-10
7005,0.0,0.0,3.863,-509511,16.61,6.722,4.2,D,2023-10-10
03012,0.75,20.5,15.489,-1449012,27.41,6.639,2.4,D,2023-10-10
0098,0.0,0.0,-4.087,10484126,0.0,-9.604,0.7,D,2023-10-10
5258,3.18,57.89,33.368,1849055000,9.02,7.478,22.9,C,2023-10-10
7251,0.0,0.0,2.511,-30055000,13.58,294.519,0.4,D,2023-10-10
1899,5.45,65.48,9.08,1547297000,12.14,8.685,298.1,C,2023-10-10
6602,0.0,0.0,21.484,69995237,4.99,4.867,6.1,D,2023-10-10
0187,0.0,0.0,-9.997,-51528204,0.0,-6.977,-1.4,D,2023-10-10
5190,0.0,0.0,-53.28,24561746,0.0,-11.103,-4.9,D,2023-10-10
3239,0.0,0.0,20.743,20366000,0.0,-1.277,-0.9,D,2023-10-10
3395,0.0,0.0,6.306,258289000,0.0,-1.91,-2.1,D,2023-10-10
5196,4.67,185.4,16.54,252920000,11.65,21.087,5.9,D,2023-10-10
4219,0.0,0.0,6.377,78595000,9.09,3.93,3.0,D,2023-10-10
5248,8.03,47.53,10.131,102664000,7.87,52.127,26.3,A,2023-10-10
9814,0.0,0.0,5.693,-1787759,1.23,15.345,6.2,D,2023-10-10
7668,3.92,204.6,10.014,7684589,18.8,5.197,5.4,D,2023-10-10
0263,3.3,13.85,12.893,23557113,12.59,0.0,3.6,C,2023-10-10
6173,1.48,0.0,3.807,16429000,0.0,-0.1,1.8,D,2023-10-10
5932,0.0,0.0,-77.088,16521000,0.0,-87.474,-5.8,D,2023-10-10
0195,0.0,0.0,8.903,-3636418,36.57,3.501,1.2,D,2023-10-10
6998,0.0,0.0,-115.018,-1038000,0.0,-35.516,-6.1,D,2023-10-10
5032,2.38,58.22,27.339,386135000,21.21,6.337,27.8,C,2023-10-10
0179,0.0,0.0,-159.511,-19664053,0.0,-32.808,-3.8,D,2023-10-10
5069,0.27,25.83,1.452,178456551,56.82,2.486,32.4,D,2023-10-10
0168,1.9,47.81,6.599,11451623,25.87,7.763,2.7,D,2023-10-10
9288,4.47,28.39,20.153,93728000,6.47,12.549,27.4,C,2023-10-10
7036,0.0,0.0,56.104,19558927,0.0,-1.48,-0.1,D,2023-10-10
8133,0.0,0.0,-2.288,-34682000,0.0,-37.534,-8.0,D,2023-10-10
5254,2.74,209.51,5.98,248016000,38.52,2.963,26.6,D,2023-10-10
6297,0.0,0.0,0.821,76863350,0.0,-9.891,-5.0,D,2023-10-10
5100,4.88,53.45,6.459,15262297,12.44,11.568,10.8,C,2023-10-10
9938,0.0,0.0,-2.881,-11371304,0.0,-1.451,-1.2,D,2023-10-10
0011,2.96,27.12,43.935,2729480,9.16,9.012,3.0,C,2023-10-10
4162,8.08,106.73,32.758,362859000,12.38,59.097,91.9,D,2023-10-10
7221,0.0,0.0,-8.358,4395337,0.0,-15.331,0.8,D,2023-10-10
7188,0.0,0.0,-223.523,-1806852,0.0,-45.289,-4.1,D,2023-10-10
5210,0.0,0.0,42.474,1427282000,4.74,12.908,12.4,D,2023-10-10
1818,4.45,92.33,52.355,194339000,24.05,28.398,28.0,D,2023-10-10
03042,0.0,0.0,29.995,2415244,0.0,17.668,3.7,D,2023-10-10
2828,4.84,19.35,3.546,64188000,5.45,27.18,62.0,C,2023-10-10
7174,0.0,0.0,8.585,105966641,4.34,18.982,8.3,D,2023-10-10
0191,0.0,0.0,1.556,481048,117.95,0.777,0.7,D,2023-10-10
2852,2.63,13.19,1.249,-49725000,4.66,7.761,26.7,C,2023-10-10
7128,0.0,13.19,5.46,12393678,4.96,10.701,8.5,D,2023-10-10
5105,1.49,31.4,3.606,185456000,21.74,1.327,47.7,D,2023-10-10
5311,0.47,0.0,9.966,-13332387,0.0,0.0,3.6,D,2023-10-10
5099,0.0,0.0,-4.584,-372832000,10.76,0.0,-64.8,D,2023-10-10
5180,7.25,242.35,47.257,140912000,28.29,1.917,2.3,D,2023-10-10
0163,0.0,0.0,-62.741,58822278,0.0,-43.271,39.4,D,2023-10-10
5257,2.15,0.0,11.339,-17948000,9.31,12.697,9.9,D,2023-10-10
03016,4.55,21.61,29.161,18134058,7.26,25.043,3.0,C,2023-10-10
2836,4.4,85.87,17.198,266250000,19.9,184.723,103.7,D,2023-10-10
03048,0.0,0.0,-24.235,-3346479,0.0,-934.765,0.4,D,2023-10-10
0173,0.0,0.0,14.602,-1168352,0.0,3.187,-0.9,D,2023-10-10
7076,3.64,0.0,-5.112,-41897000,0.0,-2.666,-1.2,D,2023-10-10
03053,2.94,250.6,14.716,-42265,52.87,5.11,1.0,D,2023-10-10
7035,4.35,29.69,5.995,11780683,7.01,20.585,10.1,C,2023-10-10
03024,0.13,1.83,17.295,7208592,0.0,13.024,6.9,D,2023-10-10
0238,1.58,38.46,13.647,4771887,18.42,7.314,2.6,D,2023-10-10
0243,2.92,34.93,25.768,13626809,23.6,13.352,1.6,C,2023-10-10
5195,3.19,91.46,7.64,3750000,31.37,4.556,1.1,D,2023-10-10
8052,0.0,0.0,7.663,-13161751,52.64,7.343,6.3,D,2023-10-10
8982,4.32,83.68,7.998,49060000,28.63,1.88,10.2,D,2023-10-10
7209,0.0,0.0,-11.614,278242,0.0,-14.123,-3.8,D,2023-10-10
5273,0.0,0.0,2.748,-14111305,84.34,12.531,5.5,D,2023-10-10
7187,0.0,0.0,4.728,-21740254,17.77,10.778,1.6,D,2023-10-10
1929,2.09,23.11,27.754,76185147,11.08,7.569,117.7,C,2023-10-10
5007,1.04,61.92,10.031,111313372,10.02,5.865,13.8,D,2023-10-10
5188,0.0,0.0,-222.41,173000,0.0,-16.574,-2.4,D,2023-10-10
5797,2.69,0.0,-5.803,44927000,0.0,-2.508,5.2,D,2023-10-10
7016,0.0,0.0,0.945,-31320175,0.0,-0.739,-1.4,D,2023-10-10
1023,6.45,44.92,48.251,7187992000,9.84,9.661,52.1,C,2023-10-10
7245,0.0,0.0,-14.537,-5108000,0.0,-15.093,-17.3,D,2023-10-10
5104,0.0,0.0,0.663,1766950,0.0,-3.051,-0.2,D,2023-10-10
7117,3.75,45.45,3.243,101878000,12.9,4.349,4.8,C,2023-10-10
7202,15.6,137.5,22.23,3820089,16.09,8.031,4.5,D,2023-10-10
7154,0.0,0.0,-20.896,397571,0.0,-9.94,-2.9,D,2023-10-10
03001,0.0,0.0,-0.765,-7211624,0.0,-1.502,-0.1,D,2023-10-10
7018,0.0,0.0,-4.095,-1831000,0.0,-3.158,-0.5,D,2023-10-10
7986,0.0,0.0,-50.861,-31979761,0.0,-48.631,-10.0,D,2023-10-10
0246,2.62,0.0,12.793,14000,14.49,14.062,4.7,D,2023-10-10
5071,0.0,0.0,25.636,45243763,2.88,24.26,69.6,B,2023-10-10
2127,0.0,0.0,-22.635,-11888995,0.0,-7.691,-7.3,D,2023-10-10
7195,0.0,0.0,12.176,-12197000,15.02,80.638,8.6,D,2023-10-10
5037,0.0,0.0,-118.215,-4555000,0.0,-7.774,-0.2,D,2023-10-10
8044,0.0,0.0,-12.179,-1569771,0.0,-4.236,29.1,D,2023-10-10
8435,0.0,0.0,3.769,5364719,50.41,2.548,0.5,D,2023-10-10
0240,0.0,0.0,10.761,1910905,24.7,12.84,3.4,D,2023-10-10
0261,2.56,46.11,8.026,-13192000,25.37,0.0,1.6,C,2023-10-10
5738,0.0,0.0,-49.984,-19779000,0.0,-11.732,-28.6,D,2023-10-10
5049,5.45,136.72,9.764,-11565000,22.68,1.241,3.0,D,2023-10-10
6718,3.6,74.63,12.831,48244372,15.72,2.618,8.8,C,2023-10-10
8591,0.0,0.0,2.466,-446593,0.0,-6.613,-9.2,D,2023-10-10
5094,2.46,68.65,-0.834,122660322,28.63,1.835,4.0,C,2023-10-10
7165,0.0,0.0,-86.891,-96284866,0.0,-6.738,-1.9,D,2023-10-10
5301,1.57,61.97,34.569,69256000,43.73,14.4,3.1,D,2023-10-10
0051,0.0,0.0,-23.846,-3431326,0.0,-6.007,-0.6,D,2023-10-10
9423,2.21,15.2,8.985,-22453298,9.54,5.831,3.7,C,2023-10-10
7157,0.0,0.0,20.583,2195416,0.0,-1.962,-0.2,D,2023-10-10
5184,0.0,0.0,-18.203,-301147000,0.0,-25.242,12.5,D,2023-10-10
7204,0.38,27.17,12.423,-237596000,185.15,4.883,4.7,D,2023-10-10
4456,0.0,0.0,12.062,360726000,0.0,-6.501,17.7,D,2023-10-10
5276,4.82,46.51,13.689,7905622,8.82,10.347,4.4,C,2023-10-10
8338,0.0,0.0,-60.778,-21304000,0.0,-26.931,-2.6,D,2023-10-10
5216,5.16,68.26,31.861,69423000,15.4,23.715,2.7,C,2023-10-10
5141,3.11,30.43,23.113,147845000,18.66,7.856,10.5,C,2023-10-10
5132,3.6,47.47,8.189,13382791,8.99,11.598,10.5,C,2023-10-10
7212,0.0,0.0,-19.493,68122652,0.0,-24.865,-1.8,D,2023-10-10
5165,0.0,0.0,-2.794,3710841,0.0,-2.698,0.6,D,2023-10-10
0152,0.0,0.0,-36.922,-37501354,0.0,-11.705,-1.4,D,2023-10-10
7277,2.22,38.25,8.735,109370000,24.1,8.781,9.0,C,2023-10-10
6947,2.93,136.31,45.075,1671135000,47.23,11.606,9.4,D,2023-10-10
0029,0.0,0.0,28.294,29657284,0.0,-3.899,-1.9,D,2023-10-10
0131,0.0,0.0,13.313,7452715,18.06,18.301,0.7,D,2023-10-10
7528,1.42,18.06,16.653,978031,12.7,3.652,13.1,D,2023-10-10
5908,3.31,40.84,2.528,97548000,7.14,12.788,66.1,C,2023-10-10
7114,0.0,0.0,-0.496,-10059083,0.0,-3.822,-0.1,D,2023-10-10
5265,0.0,0.0,-45.77,-8472515,0.0,-29.931,-0.6,D,2023-10-10
7169,3.9,45.52,2.905,17448528,11.75,3.078,6.6,C,2023-10-10
0205,1.22,100.0,5.433,-6874291,51.12,3.489,0.4,D,2023-10-10
7198,0.0,0.0,10.775,-9417543,19.84,2.76,2.2,D,2023-10-10
1619,1.4,20.83,4.276,-651457000,15.21,2.454,9.7,D,2023-10-10
0269,1.81,0.0,16.906,25144890,25.26,0.0,2.2,D,2023-10-10
7233,3.24,102.52,48.789,21633308,28.23,9.989,12.6,D,2023-10-10
7148,1.92,31.99,13.24,-756000,15.82,10.47,7.4,D,2023-10-10
3948,0.0,0.0,2.65,-19347000,25.94,0.86,1.2,D,2023-10-10
3026,2.22,86.66,2.974,29030000,0.0,14.12,1.6,D,2023-10-10
03046,2.67,97.56,30.707,3776576,34.26,14.288,2.6,D,2023-10-10
5259,0.0,0.0,21.452,12856000,2.96,142.58,3.8,D,2023-10-10
0154,0.0,0.0,2.648,-11507685,0.0,-22.936,-0.3,D,2023-10-10
3417,0.0,0.0,1.179,-130810000,15.47,4.379,1.8,D,2023-10-10
0267,0.0,0.0,31.081,444523,34.78,0.0,1.4,D,2023-10-10
2143,0.0,0.0,-11.177,2249000,3.68,16.721,-0.5,D,2023-10-10
8206,5.56,78.37,15.183,932853000,17.45,3.502,5.3,D,2023-10-10
5283,90.41,0.0,-17.193,107168000,0.0,-7.454,-9.8,D,2023-10-10
0059,0.0,0.0,-20.291,-2716890,0.0,-31.74,-7.9,D,2023-10-10
3557,0.0,0.0,103.194,-2153000,29.96,2.699,1.1,D,2023-10-10
0239,1.42,29.41,16.16,2281095,48.73,13.609,1.8,D,2023-10-10
0227,0.0,0.0,22.207,3980512,25.19,17.005,3.5,D,2023-10-10
5253,0.0,0.0,-2.473,-31903000,0.0,-3.979,-1.1,D,2023-10-10
0255,0.0,0.0,-9.016,-26200247,0.0,-16.367,-3.2,D,2023-10-10
5036,3.4,86.63,6.431,-7941519,14.87,6.819,3.5,D,2023-10-10
7471,0.0,0.0,2.642,1779000,3.0,10.619,5.7,D,2023-10-10
0107,0.0,0.0,-190.715,-551566,18.4,3.594,-0.1,D,2023-10-10
0064,0.0,0.0,-9.116,-8048783,145.67,0.746,-0.2,D,2023-10-10
8907,0.0,0.0,4.443,-78091000,15.91,9.401,9.0,D,2023-10-10
5208,3.62,88.65,3.107,23525000,25.18,3.533,6.8,D,2023-10-10
8877,0.0,0.0,20.718,-101738000,0.0,-4.703,-4.1,D,2023-10-10
9016,0.0,0.0,-37.369,27890067,13.97,1.643,-11.1,D,2023-10-10
5228,5.22,76.56,40.015,-73831511,15.06,8.404,10.5,D,2023-10-10
0090,3.81,33.5,15.053,11782055,8.71,32.277,6.3,C,2023-10-10
9091,0.0,0.0,15.032,6055564,17.2,4.451,0.3,D,2023-10-10
6076,0.0,0.0,34.441,113432000,0.0,-4.521,-6.4,D,2023-10-10
03025,0.0,0.0,7.068,-1266723,9.08,26.331,1.3,D,2023-10-10
7149,0.0,0.0,-4.74,-4351900,0.0,-3.836,-3.2,D,2023-10-10
5056,0.0,0.0,2.159,-61399000,57.64,0.564,7.5,D,2023-10-10
8613,0.0,0.0,-107.799,-16113000,0.0,-24.193,-18.9,D,2023-10-10
7217,2.5,0.0,-5.917,30008869,0.0,1.144,7.1,D,2023-10-10
7773,0.0,0.0,4.096,-44237000,9.78,6.629,0.2,D,2023-10-10
03021,0.0,0.0,-162.74,-2331763,0.0,-88.517,-1.2,D,2023-10-10
0100,0.0,0.0,8.776,30017848,5.14,16.15,4.5,D,2023-10-10
5081,3.28,0.0,-0.386,10393000,0.0,-2.186,-2.4,D,2023-10-10
6815,1.69,10.2,16.649,-128743000,4.99,5.181,20.4,D,2023-10-10
7208,0.0,0.0,-10.977,-7228000,0.0,-18.891,-2.7,D,2023-10-10
7094,0.0,0.0,-19.171,-7864218,0.0,-16.967,-13.8,D,2023-10-10
0174,0.0,0.0,8.432,-12503103,0.0,7.558,0.4,D,2023-10-10
5101,0.0,0.0,-4.666,52416514,0.0,-7.338,-3.1,D,2023-10-10
0190,0.0,0.0,1.452,-5363070,0.0,-1.138,-1.9,D,2023-10-10
5205,0.0,0.0,-1.672,74301000,0.0,-58.002,-46.3,D,2023-10-10
7249,0.0,104.17,8.368,11216936,295.6,0.572,-0.2,D,2023-10-10
0065,2.6,65.79,37.002,17664967,32.16,6.843,2.2,C,2023-10-10
2984,2.0,35.47,2.479,2988858,15.67,3.275,8.4,C,2023-10-10
7047,3.39,61.35,-10.91,-14467000,0.0,-3.816,-1.9,C,2023-10-10
5029,4.86,95.74,15.781,138310642,19.43,8.372,36.6,D,2023-10-10
6041,0.0,0.0,-127.617,1239660,0.0,-16.533,-7.1,D,2023-10-10
5306,0.83,48.42,8.34,-163387545,56.08,6.596,2.7,D,2023-10-10
0084,0.0,0.0,-2.232,-6182672,0.0,-5.249,-3.4,D,2023-10-10
7229,2.19,41.43,13.268,13889000,9.56,6.963,16.5,C,2023-10-10
2755,0.0,0.0,-2.758,-1696000,10.03,11.738,9.6,D,2023-10-10
8605,1.13,0.0,16.4,-10544715,7.48,10.372,7.4,D,2023-10-10
5222,10.79,93.88,3.942,1462209000,8.67,9.979,36.4,D,2023-10-10
6939,0.0,0.0,12.206,14980000,7.31,10.472,7.4,D,2023-10-10
0149,2.78,13.58,21.441,1347000,8.58,8.683,5.0,C,2023-10-10
03026,0.0,0.0,0.0,-1458622,0.0,14.12,1.6,D,2023-10-10
3107,7.02,110.13,11.971,21350000,15.76,4.575,15.2,D,2023-10-10
0150,0.0,0.0,-48.451,-99913213,0.0,-14.622,-0.5,D,2023-10-10
9318,0.0,0.0,-18.604,122959000,0.0,-17.292,-9.2,D,2023-10-10
0231,0.0,0.0,-3.337,-12888146,0.0,-8.738,-1.4,D,2023-10-10
7210,10.26,47.68,7.114,22189000,7.91,11.268,7.5,C,2023-10-10
0116,0.0,0.0,-5.126,34051098,0.0,-12.292,-0.2,D,2023-10-10
5197,12.54,88.04,6.689,52031659,13.36,4.468,13.3,D,2023-10-10
0157,3.85,36.19,19.497,60135000,10.7,33.638,7.8,C,2023-10-10
9172,7.58,60.83,11.582,137184648,7.71,19.974,41.4,C,2023-10-10
5277,3.7,71.43,12.158,12417546,24.82,8.681,1.7,C,2023-10-10
3689,2.13,44.25,12.667,-93147000,18.6,16.288,104.3,C,2023-10-10
0128,1.33,55.05,32.016,90203104,42.54,21.888,7.8,D,2023-10-10
9377,0.0,0.0,31.411,-5709000,15.9,31.619,1.5,D,2023-10-10
7676,0.0,0.0,-24.468,-30797054,0.0,-15.908,-5.8,D,2023-10-10
7184,0.0,0.0,-17.337,-8708116,0.0,-8.309,-0.3,D,2023-10-10
5226,0.0,0.0,6.331,-30925090,15.25,3.218,3.1,D,2023-10-10
9261,2.06,0.0,-4.143,10428000,0.0,-3.625,-4.0,D,2023-10-10
0206,0.0,0.0,-4.47,9356000,0.0,-1.444,-0.4,D,2023-10-10
5398,2.71,39.58,9.212,255054000,6.21,7.216,31.6,C,2023-10-10
5209,4.72,77.02,6.208,473928000,10.07,31.763,30.3,D,2023-10-10
0198,0.0,0.0,1.894,-35288464,24.73,5.023,1.8,D,2023-10-10
0078,0.83,0.0,-6.046,3979907,0.0,-6.605,-0.3,D,2023-10-10
0104,0.0,0.0,27.736,17678733,25.71,22.382,9.2,D,2023-10-10
3182,3.6,283.19,18.715,4877800000,74.39,0.67,-7.8,D,2023-10-10
4715,5.98,0.0,12.991,1679000000,0.0,-2.782,-9.2,D,2023-10-10
2291,2.96,70.68,11.963,586937000,19.39,4.521,52.5,C,2023-10-10
3204,3.96,0.0,7.2,23392000,0.0,-0.9,0.1,D,2023-10-10
7197,0.0,0.0,5.31,25761000,19.26,6.32,9.1,D,2023-10-10
0039,2.0,11.84,35.604,25334014,6.23,13.425,3.2,C,2023-10-10
0021,3.11,95.06,10.323,-60613695,30.5,5.711,2.5,D,2023-10-10
1147,0.0,0.0,6.1,14595000,0.0,-0.836,2.5,D,2023-10-10
5220,3.03,38.39,6.267,10716000,16.01,3.694,3.8,C,2023-10-10
7022,1.92,57.03,25.541,47504000,28.72,11.728,6.8,D,2023-10-10
5020,3.33,37.88,18.955,100722434,9.02,2.697,4.1,C,2023-10-10
7382,0.0,0.0,-18.255,-12219741,0.0,-3.494,-6.2,D,2023-10-10
5649,8.95,31.4,20.741,10777000,4.0,16.218,8.3,C,2023-10-10
2135,2.86,0.0,-75.664,-1483337,0.0,-1.156,-0.9,D,2023-10-10
03029,0.0,0.0,-14.661,-489084,0.0,-465.663,-6.9,D,2023-10-10
5592,0.0,0.0,-27.07,1513429,0.0,-2.17,-1.7,D,2023-10-10
0208,0.0,0.0,19.708,8320112,38.35,25.112,10.5,D,2023-10-10
0074,0.0,0.0,-132.422,-12414073,0.0,-9.857,-1.0,D,2023-10-10
0082,0.0,0.0,-6.891,-108744000,0.0,-39.029,-12.1,D,2023-10-10
0136,0.0,0.0,-10.935,142632,4.07,22.776,8.6,D,2023-10-10
9962,5.0,15.87,24.164,13000439,9.83,3.066,2.4,C,2023-10-10
5102,0.0,23.07,3.968,2886248,23.69,6.404,13.5,D,2023-10-10
3247,0.0,0.0,-1.688,3782000,0.0,-2.126,-1.5,D,2023-10-10
1503,2.74,31.43,16.163,-1089000,16.62,2.186,4.3,C,2023-10-10
0237,2.77,30.52,3.809,-7541486,10.91,8.172,3.7,C,2023-10-10
7253,0.0,0.0,-60.846,3507544,12.21,8.379,0.1,D,2023-10-10
3034,6.82,54.35,11.662,-718156000,7.41,17.499,38.2,C,2023-10-10
5138,4.52,128.62,17.056,167054000,20.05,3.891,26.3,D,2023-10-10
2062,4.74,11.58,17.876,143707782,3.0,22.234,38.0,A,2023-10-10
7501,0.0,0.0,2.938,-13081738,348.84,0.812,-4.4,D,2023-10-10
5008,5.97,28.45,4.495,-25379000,8.1,16.987,97.5,C,2023-10-10
5168,0.0,0.0,-2.072,-344007000,0.0,-7.767,-6.9,D,2023-10-10
0060,0.0,0.0,-17.929,39019797,0.0,-8.417,-0.7,D,2023-10-10
5187,0.0,0.0,-168.654,-4231000,0.0,-58.588,-13.7,D,2023-10-10
7105,0.0,0.0,17.22,55576000,70.48,6.54,2.0,D,2023-10-10
3255,5.67,100.72,20.485,289037000,17.2,104.88,136.7,D,2023-10-10
5028,0.0,0.0,7.872,-17535000,0.0,-20.274,-9.8,D,2023-10-10
5121,13.22,53.73,47.29,35382149,4.21,12.118,15.8,C,2023-10-10
0175,0.0,0.0,24.064,33993044,7.71,17.07,3.2,D,2023-10-10
4324,3.07,0.0,-9.266,-133841000,0.0,-68.977,-52.5,D,2023-10-10
5095,3.38,0.0,-0.718,2890000,0.0,-1.264,1.6,D,2023-10-10
5151,1.31,28.57,12.505,91303080,80.37,16.393,1.3,D,2023-10-10
7803,0.0,0.0,-36.309,-34958894,0.0,-11.514,-6.2,D,2023-10-10
0161,5.06,0.0,10.41,-15589968,7.73,46.864,0.4,D,2023-10-10
5136,0.0,1666.67,2.216,-9778930,992.9,2.091,3.2,D,2023-10-10
3298,4.23,121.21,11.546,-1940020,29.49,2.026,3.1,D,2023-10-10
0160,0.0,0.0,9.0,4770796,9.66,6.396,2.1,D,2023-10-10
5072,2.3,138.89,0.268,-208272000,55.93,1.026,9.0,D,2023-10-10
5199,2.65,10.39,32.027,749909000,5.43,16.375,19.9,C,2023-10-10
8443,2.0,24.13,20.04,29549821,12.55,6.635,7.2,C,2023-10-10
0188,0.0,0.0,-24.326,-3384839,0.0,-36.384,-7.3,D,2023-10-10
5169,0.0,0.0,16.574,-20523000,0.0,-4.686,-6.5,D,2023-10-10
9601,0.0,0.0,0.382,-16965000,0.0,-4.704,-0.9,D,2023-10-10
5160,5.25,31.7,19.743,44857196,7.84,11.348,9.6,C,2023-10-10
5819,3.03,31.13,60.952,7452976000,10.68,11.753,186.3,C,2023-10-10
5274,3.22,90.05,37.336,455095000,25.76,5.222,21.2,D,2023-10-10
1082,2.71,19.17,60.326,161573000,7.3,10.932,246.1,C,2023-10-10
3301,6.41,58.84,12.049,345721000,9.63,14.776,92.4,C,2023-10-10
0041,0.0,0.0,-627.775,-132847103,0.0,-7.285,1.4,D,2023-10-10
5291,1.65,39.53,10.091,-265000,17.43,5.133,2.5,D,2023-10-10
0228,3.9,62.61,16.497,11776999,17.11,7.854,2.4,C,2023-10-10
0185,1.15,25.07,13.89,-1364227,20.27,7.553,3.1,D,2023-10-10
5062,0.0,0.0,13.548,20590362,24.23,1.115,0.8,D,2023-10-10
7013,0.0,0.0,-0.32,14523880,26.14,3.767,0.3,D,2023-10-10
5000,0.0,0.0,9.773,684000,19.58,15.068,8.4,D,2023-10-10
5024,5.67,92.38,13.162,18615321,16.16,24.38,3.3,D,2023-10-10
8478,0.0,0.0,-7.802,-8210665,0.0,-30.021,-7.8,D,2023-10-10
4251,0.74,0.0,4.218,-4717000,12.41,2.31,2.3,D,2023-10-10
5084,3.42,23.39,22.752,12192698,7.27,9.889,5.6,C,2023-10-10
5255,0.0,0.0,2.636,114469773,1.79,42.208,6.2,D,2023-10-10
9113,0.0,0.0,-18.548,-4174000,0.0,-15.956,-4.4,D,2023-10-10
03038,0.0,0.0,9.243,-21145692,22.88,15.75,1.0,D,2023-10-10
03030,1.0,31.25,39.186,1341987,74.91,28.291,0.3,D,2023-10-10
9687,0.49,0.0,10.929,-24048283,25.93,6.406,7.9,D,2023-10-10
0023,0.0,0.0,1.745,2241814,103.45,1.576,-0.7,D,2023-10-10
5606,6.26,19.2,46.75,357726000,12.38,6.073,11.8,C,2023-10-10
5299,6.53,132.56,50.03,113533000,19.22,2.619,2.7,D,2023-10-10
5227,5.64,90.14,66.589,424373000,14.65,10.531,11.1,D,2023-10-10
5225,1.79,28.96,15.074,1951396000,24.62,7.704,17.0,D,2023-10-10
3336,3.23,93.6,19.04,904959000,27.75,2.119,4.5,D,2023-10-10
5614,0.0,0.0,4.295,-3918510,10.85,5.217,0.1,D,2023-10-10
7222,0.62,564.52,5.263,-973478,251.56,1.237,2.2,D,2023-10-10
7243,0.0,0.0,-6.961,700691,0.0,-27.87,-5.4,D,2023-10-10
0166,2.76,99.89,21.278,394097000,32.71,12.669,8.7,D,2023-10-10
2607,0.0,0.0,-70.537,-1154000,0.0,-1.814,-2.8,D,2023-10-10
9393,0.0,0.0,-17.374,-30005132,0.0,-12.111,-1.8,D,2023-10-10
0253,2.85,44.19,23.21,5786000,10.93,47.312,3.7,C,2023-10-10
0265,0.0,0.0,19.258,46710000,0.0,0.0,7.3,D,2023-10-10
7240,0.0,0.0,-66.27,-14888328,0.0,-33.382,-6.3,D,2023-10-10
5178,0.0,0.0,32.209,27784777,4.76,23.496,2.1,D,2023-10-10
5295,6.74,132.74,14.006,34246000,19.42,11.192,3.0,D,2023-10-10
0147,0.0,0.0,-3.895,4777083,0.0,-9.934,-0.1,D,2023-10-10
6262,7.2,165.15,23.758,92767708,14.23,13.435,17.3,D,2023-10-10
3379,2.84,7.65,-2.323,-34995000,4.92,5.411,18.5,D,2023-10-10
0192,4.81,28.74,3.918,-10165202,9.96,9.021,1.8,C,2023-10-10
1961,2.51,77.99,14.066,1458400000,22.74,10.004,17.9,D,2023-10-10
5249,3.01,15.19,49.219,-827674000,6.28,6.518,25.3,C,2023-10-10
5107,0.0,0.0,5.798,1737926,9.38,6.439,8.1,D,2023-10-10
7183,0.0,0.0,-4.633,795000,20.0,0.266,0.4,D,2023-10-10
8834,0.0,0.0,-908.772,18125055,1.41,277.287,35.4,D,2023-10-10
0010,0.0,0.0,9.423,19219000,8.84,8.634,0.7,D,2023-10-10
1589,0.0,0.0,-2.504,-295000,0.0,-3.773,-3.5,D,2023-10-10
5309,0.44,14.84,55.474,-1453000,13.65,29.924,20.1,D,2023-10-10
5175,0.0,0.0,478.272,14592000,0.0,-79.496,-25.6,D,2023-10-10
7043,0.0,0.0,-73.998,-42635069,0.0,-17.272,-12.8,D,2023-10-10
7223,0.0,0.0,-32.585,5173914,0.0,-11.413,-1.0,D,2023-10-10
0024,0.0,0.0,4.77,13417222,37.59,2.353,1.5,D,2023-10-10
4723,0.0,0.0,-55.253,-221265470,8.64,3.558,2.6,D,2023-10-10
8648,0.0,0.0,-5.356,303279,0.0,-1.527,0.0,D,2023-10-10
4383,3.64,30.91,24.342,301496000,5.13,11.588,15.9,C,2023-10-10
7152,8.39,93.9,12.673,20152000,8.72,11.797,8.0,D,2023-10-10
0058,3.75,26.89,63.102,-3888823,6.77,8.09,17.9,C,2023-10-10
5161,0.0,0.0,-29.17,-126569000,0.0,-16.437,-4.2,D,2023-10-10
5673,0.0,0.0,-56.167,-53647000,0.0,-4.836,-1.4,D,2023-10-10
0146,0.92,70.42,22.025,2419000,75.69,9.297,1.3,D,2023-10-10
0127,0.0,0.0,6.718,-17583096,45.15,3.668,3.9,D,2023-10-10
8923,0.0,0.0,-312.467,-15638521,0.0,-19.705,-6.9,D,2023-10-10
03040,0.0,0.0,10.658,-4236352,12.44,13.566,3.4,D,2023-10-10
6769,0.0,0.0,34.248,75745000,9.31,4.761,1.1,D,2023-10-10
7096,0.0,0.0,-168.461,-10273000,0.0,-6.994,-1.3,D,2023-10-10
3441,0.0,0.0,-147.741,-94533000,0.0,-16.427,-1.0,D,2023-10-10
5192,0.0,0.0,-1.212,-3822461,0.0,-0.856,1.1,D,2023-10-10
8672,0.0,0.0,-4.127,22314473,0.0,-2.272,-2.6,D,2023-10-10
0170,0.0,0.0,-18.569,-134894574,0.0,-4.359,-34.4,D,2023-10-10
5247,1.79,0.0,4.215,-35029000,60.8,2.243,1.0,D,2023-10-10
0054,2.0,33.33,4.105,20682782,19.55,3.682,1.3,C,2023-10-10
7216,2.0,39.87,8.331,26337129,19.88,8.45,10.7,C,2023-10-10
3476,3.33,15.11,8.057,237706000,7.0,8.754,56.1,C,2023-10-10
7199,1.44,7.32,8.748,20745271,6.69,14.789,20.5,D,2023-10-10
0193,0.0,0.0,5.187,-6169579,139.34,5.387,0.1,D,2023-10-10
0151,2.0,23.52,6.334,-8829000,14.32,28.941,8.7,C,2023-10-10
7323,0.0,0.0,28.598,13723000,17.21,1.707,1.6,D,2023-10-10
6483,6.86,93.9,8.02,-353709000,14.16,4.576,7.5,D,2023-10-10
7161,6.15,63.9,12.997,89219432,13.38,10.078,9.2,C,2023-10-10
7077,3.66,29.91,31.572,142437000,7.81,22.137,9.9,C,2023-10-10
9334,0.99,0.0,-1.372,-51053000,0.0,-1.651,3.9,D,2023-10-10
0036,0.0,0.0,-48.658,-106771,0.0,-16.277,-0.6,D,2023-10-10
0143,0.0,0.0,-31.83,-4795300,0.0,-16.295,-0.4,D,2023-10-10
6203,0.0,0.0,4.853,-3791056,13.2,-877.763,1.2,D,2023-10-10
7062,3.05,40.42,2.643,13000000,12.96,4.117,43.0,C,2023-10-10
6211,0.0,0.0,-4.156,-1002121,0.0,-2.237,-1.2,D,2023-10-10
5371,0.0,0.0,-8.365,-19287000,0.0,-8.596,-24.1,D,2023-10-10
0210,3.43,0.0,3.115,5330713,36.66,2.375,1.3,D,2023-10-10
5027,5.38,65.36,14.021,149194929,11.4,18.019,16.8,C,2023-10-10
0180,0.0,0.0,5.207,31083089,7.18,13.217,3.2,D,2023-10-10
5171,1.21,0.0,1.234,30604228,0.0,-1.329,-2.0,D,2023-10-10
5280,7.87,62.56,61.091,55448000,0.0,0.0,0.0,C,2023-10-10
9466,4.26,82.64,10.606,41176696,19.81,5.349,4.1,D,2023-10-10
5235SS,5.18,85.03,64.485,1019899000,15.02,6.275,43.4,D,2023-10-10
2453,0.26,0.0,25.507,10838498,12.38,2.814,31.3,D,2023-10-10
7164,0.0,0.0,4.07,174351000,0.0,-55.8,2.4,D,2023-10-10
5035,0.0,0.0,0.11,-21557000,0.0,-1.619,-2.3,D,2023-10-10
6971,1.6,24.53,12.222,-87190272,20.11,7.539,8.8,D,2023-10-10
7017,0.0,0.0,-4.601,-17550000,0.0,-2.844,-0.8,D,2023-10-10
0111,0.0,0.0,0.593,-4276601,81.63,1.424,0.0,D,2023-10-10
4847,0.0,0.0,7.121,3043000,29.7,0.0,-2.4,D,2023-10-10
7153,10.98,0.0,-2.472,-21983000,0.0,-0.171,6.2,D,2023-10-10
0002,5.64,56.28,27.362,56233000,12.07,25.323,44.1,C,2023-10-10
5878,2.81,55.67,14.045,225591000,23.73,9.908,3.9,C,2023-10-10
9121,0.0,0.0,1.799,-3493827,6.5,4.119,10.7,D,2023-10-10
1996,3.48,97.09,6.467,123132000,28.54,5.772,4.7,D,2023-10-10
0176,0.0,0.0,8.509,-8326554,14.91,5.916,2.8,D,2023-10-10
5038,0.0,0.0,36.013,116147894,3.48,9.379,17.6,D,2023-10-10
2445,4.67,91.41,8.753,1403918000,19.84,8.44,200.9,D,2023-10-10
6874,3.57,24.67,5.659,23726000,8.89,6.693,6.1,C,2023-10-10
2186,0.75,0.0,77.191,-1174804,15.18,3.1,9.0,D,2023-10-10
6491,5.0,48.47,14.837,1411000,9.97,5.743,22.9,C,2023-10-10
7033,3.39,45.94,30.547,7250015,13.3,6.415,7.6,C,2023-10-10
9083,0.0,0.0,-1.515,-1879529,0.0,-11.997,-3.2,D,2023-10-10
5310,1.52,0.0,6.881,74841610,7.76,13.584,9.5,D,2023-10-10
5843,9.86,37.44,4.484,83096000,5.93,6.116,13.6,C,2023-10-10
8362,0.0,0.0,1.91,-2728000,4.58,15.48,5.9,D,2023-10-10
0268,1.11,0.0,15.596,973000,14.91,0.0,2.6,D,2023-10-10
7179,4.65,40.96,27.547,112853457,8.08,15.164,18.1,C,2023-10-10
0018,0.0,0.0,-451.295,-1407130,0.0,-30.487,-37.5,D,2023-10-10
3174,4.62,57.47,18.747,-7777000,14.5,2.282,0.9,C,2023-10-10
1643,0.0,0.0,-80.363,-6781000,0.0,-2.219,-6.4,D,2023-10-10
9385,1.07,7.81,4.777,74198261,7.29,6.255,3.8,D,2023-10-10
9326,4.85,35.61,5.752,87124000,5.67,10.275,8.9,C,2023-10-10
8494,3.85,363.7,4.31,-2185307,86.06,0.428,0.5,D,2023-10-10
5789,4.34,32.4,17.274,358521378,8.1,6.925,6.9,C,2023-10-10
9881,3.16,0.0,0.103,51414642,13.61,2.574,4.8,D,2023-10-10
9628,0.0,0.0,2.871,1455920,0.0,0.088,0.1,D,2023-10-10
8079,4.61,55.73,11.806,13253000,12.12,15.164,6.7,C,2023-10-10
0266,0.0,0.0,-5.462,-97165000,0.0,-8.517,-0.6,D,2023-10-10
5232,2.63,83.33,3.627,12384460,13.47,2.495,8.7,D,2023-10-10
6633,3.27,26.79,5.622,329387000,8.11,12.268,6.0,C,2023-10-10
7170,0.0,0.0,8.177,-7248564,79.74,2.715,0.1,D,2023-10-10
0249,1.67,53.94,43.092,12004000,43.6,13.96,2.8,D,2023-10-10
3573,0.0,0.0,-69.098,302000,0.0,-7.112,-10.3,D,2023-10-10
7089,6.08,40.29,13.103,110431587,7.09,13.79,13.9,C,2023-10-10
03047,1.19,24.67,31.415,45485950,6.17,68.627,11.8,B,2023-10-10
4235,0.0,0.0,-16.946,-564641000,0.0,-20.155,-45.8,D,2023-10-10
8486,0.0,0.0,1.235,-81893000,31.72,0.403,0.3,D,2023-10-10
0182,0.0,0.0,-25.367,-39289000,0.0,-17.534,1.0,D,2023-10-10
5284,0.0,0.0,-17.813,-4702360000,0.0,-9.937,-32.1,D,2023-10-10
8303,0.0,0.0,3.271,9294125,127.19,3.252,0.3,D,2023-10-10
8621,5.32,80.78,32.597,915209000,15.47,13.954,69.4,D,2023-10-10
7085,0.0,0.0,6.197,35333241,12.87,8.013,14.4,D,2023-10-10
5068,0.0,0.0,-6.341,-8101395,0.0,-6.776,-0.6,D,2023-10-10
5143,3.37,76.05,6.8,81505731,17.86,5.455,4.3,D,2023-10-10
0075,0.0,0.0,4.532,2459000,0.0,-42.942,-3.5,D,2023-10-10
9199,2.8,13.76,12.782,13134451,9.44,5.384,17.1,C,2023-10-10
0103,0.0,0.0,-61.843,-26489567,0.0,-8.708,-2.9,D,2023-10-10
1198,0.0,0.0,-4.387,-47956000,0.0,-0.184,-0.3,D,2023-10-10
0095,0.0,0.0,24.482,-16025000,9.17,4.683,2.2,D,2023-10-10
7617,0.0,0.0,9.451,-18222974,0.0,-1.459,11.6,D,2023-10-10
7087,5.63,37.48,9.357,48835597,8.58,12.933,22.0,C,2023-10-10
3859,4.91,61.5,9.997,169673000,13.76,4.889,7.0,C,2023-10-10
8583,3.33,33.08,13.457,639378000,11.08,4.878,6.5,C,2023-10-10
8141,0.0,0.0,-48.695,17773443,0.0,-1.817,-4.6,D,2023-10-10
5264,5.04,0.0,5.45,-241649000,0.0,-5.086,5.2,D,2023-10-10
1155,6.6,75.98,49.292,8256940000,11.88,10.216,68.8,D,2023-10-10
3794,1.63,0.0,10.952,169716000,42.41,2.713,9.0,D,2023-10-10
3662,4.8,42.61,2.549,-129622000,6.39,7.517,14.2,C,2023-10-10
3891,0.0,0.0,-5.646,33595000,0.0,-2.55,-0.4,D,2023-10-10
5014,0.55,14.31,44.217,899978000,26.65,6.159,7.8,D,2023-10-10
1171,11.64,146.13,51.206,936416000,12.37,4.848,6.4,D,2023-10-10
5186,2.78,0.0,-15.961,95318000,0.0,-22.333,4.2,D,2023-10-10
5916,6.33,50.36,7.551,225219000,16.04,8.223,23.4,C,2023-10-10
5098,0.0,0.0,1.995,-80569000,42.54,0.75,2.4,D,2023-10-10
5077,0.0,0.0,16.421,104838000,11.64,5.115,9.3,D,2023-10-10
0155,0.0,0.0,-162.052,-1273775,0.0,-44.633,-11.2,D,2023-10-10
3867,1.27,52.07,5.242,-38042000,90.19,3.055,30.8,D,2023-10-10
1651,2.15,0.0,5.74,-19024000,36.28,1.245,1.5,D,2023-10-10
4936,0.0,0.0,49.123,325039,35.18,1.58,3.6,D,2023-10-10
6181,0.0,0.0,3.937,252223000,0.0,-8.805,-16.0,D,2023-10-10
0156,0.0,0.0,-58.273,-14831581,0.0,-16.481,-1.2,D,2023-10-10
03015,0.0,0.0,2.521,1644664,0.0,11.363,0.4,D,2023-10-10
1058,3.61,0.0,4.597,20171000,8.73,4.351,8.9,D,2023-10-10
3514,31.58,218.58,20.859,19712400,10.41,8.741,1.9,D,2023-10-10
5078,0.0,0.0,22.367,81490000,3.76,38.96,6.6,D,2023-10-10
7029,3.92,27.33,16.162,20912000,6.04,16.699,40.0,C,2023-10-10
0189,2.44,115.79,4.188,4967241,81.08,1.106,0.1,D,2023-10-10
5236,6.71,39.1,21.82,208967000,5.88,11.32,19.7,C,2023-10-10
03019,0.0,0.0,11.8,4021466,400.0,0.729,-0.2,D,2023-10-10
4022,5.13,31.25,17.376,64218000,6.21,8.756,5.3,C,2023-10-10
6012,3.96,121.79,19.628,1583000000,27.56,19.083,15.1,D,2023-10-10
5983,3.25,28.37,0.819,42636000,5.91,12.157,71.7,C,2023-10-10
7004,3.18,0.0,13.688,-6850359,6.31,15.508,14.6,D,2023-10-10
0167,0.0,0.0,-10.904,2159102,0.0,-15.403,-1.5,D,2023-10-10
03022,0.0,0.0,-143.241,-1051232,0.0,-268.177,-1.1,D,2023-10-10
5182,0.0,0.0,9.5,-131243203,11.78,3.58,0.0,D,2023-10-10
5090,4.34,0.0,-1.371,6017000,0.0,0.0,0.0,D,2023-10-10
4502,3.41,28.68,7.972,49786000,11.02,6.494,5.0,C,2023-10-10
3069,2.35,18.84,35.841,394695000,8.55,13.922,42.0,C,2023-10-10
5129,1.82,7.14,22.886,-53932923,3.75,6.86,16.4,D,2023-10-10
3778,0.0,0.0,-1.521,5475227,0.0,-1.828,-4.7,D,2023-10-10
1694,0.0,0.0,65.072,103010000,21.68,4.674,3.4,D,2023-10-10
5223,0.0,0.0,-87.91,707247,0.0,-11.364,-25.1,D,2023-10-10
8192,0.0,0.0,-3.706,-8206498,0.0,-9.893,-13.1,D,2023-10-10
5040,0.0,0.0,475.639,-22269000,0.0,-10.442,-5.8,D,2023-10-10
7234,0.0,0.0,11.954,29285000,5.35,13.621,9.1,D,2023-10-10
5011,3.88,89.61,1.084,7186000,22.4,3.188,10.8,D,2023-10-10
0207,0.29,12.5,13.157,-7152281,40.73,11.206,0.9,D,2023-10-10
2097,0.0,0.0,37.284,-11010903,52.9,4.338,0.4,D,2023-10-10
03005,1.11,81.48,19.912,4672596,69.08,16.939,0.8,D,2023-10-10
6149,4.72,47.54,2.318,81233551,10.15,3.631,14.2,C,2023-10-10
0043,0.0,0.0,-27.034,68235636,0.0,-6.892,-0.7,D,2023-10-10
7595,0.72,9.38,6.666,-6630083,12.96,6.1,2.6,D,2023-10-10
5026,3.3,42.25,7.836,68523403,12.69,4.607,17.6,C,2023-10-10
5286,2.34,40.43,19.093,69412559,22.26,6.318,7.7,C,2023-10-10
0126,0.0,0.0,11.874,-13480583,43.44,10.464,2.4,D,2023-10-10
5001,0.0,0.0,-18.746,21797000,0.0,-8.777,-3.4,D,2023-10-10
0112,0.21,6.85,6.331,1543620,32.76,3.154,0.6,D,2023-10-10
7935,0.0,0.0,-13.512,-3527098,0.0,0.075,1.3,D,2023-10-10
5166,0.0,0.0,5.932,7890000,26.97,3.186,0.3,D,2023-10-10
7219,0.0,0.0,-3.933,-44149276,0.0,-9.902,-0.9,D,2023-10-10
5576,0.0,0.0,7.176,14602000,17.8,1.511,2.1,D,2023-10-10
3816,5.08,58.2,22.758,748561000,12.66,6.649,40.8,C,2023-10-10
9571,1.82,14.88,11.681,24122364,8.01,3.778,0.9,D,2023-10-10
8893,0.0,0.0,14.581,39079000,21.06,1.06,1.1,D,2023-10-10
6114,2.86,32.71,12.517,219480751,11.29,3.884,19.5,C,2023-10-10
0085,0.0,0.0,-35.248,-19514916,0.0,-5.535,-0.5,D,2023-10-10
0034,0.0,0.0,-14.85,-17115024,0.0,-24.159,-3.8,D,2023-10-10
03027,0.0,0.0,24.102,9083907,61.88,15.591,0.8,D,2023-10-10
0113,3.77,240.96,4.541,12370937,63.63,2.348,4.5,D,2023-10-10
0245,0.0,0.0,8.469,-3785128,17.87,14.508,1.6,D,2023-10-10
6459,3.8,9.21,7.013,-168376000,4.49,7.92,15.3,D,2023-10-10
0229,0.0,0.0,14.597,7178652,18.01,10.559,1.7,D,2023-10-10
5237,42.86,943.4,84.959,-198303000,3.33,1.734,28.0,D,2023-10-10
0070,0.0,0.0,-97.456,-12651571,0.0,-11.799,0.2,D,2023-10-10
5296,1.66,42.2,18.155,225857000,27.34,35.606,5.0,D,2023-10-10
5202,0.0,0.0,-5.171,-23832000,0.0,-11.238,-25.4,D,2023-10-10
0213,6.98,71.26,22.217,25716629,9.97,14.455,4.4,C,2023-10-10
0092,0.0,0.0,-13.773,-35900261,0.0,-13.817,-1.2,D,2023-10-10
5152,0.0,0.0,9.61,36177944,2.16,29.253,26.0,D,2023-10-10
3883,2.86,0.0,-2.721,-57002000,0.0,-3.477,-3.6,D,2023-10-10
5085,0.0,0.0,-1.156,-32645000,0.0,-3.303,1.2,D,2023-10-10
5703,0.0,0.0,0.577,77680000,0.0,-0.979,-2.8,D,2023-10-10
3913,5.13,35.97,15.39,6553000,3.96,10.924,4.8,C,2023-10-10
3905,0.0,0.0,6.429,-270699000,0.0,-0.514,27.3,D,2023-10-10
9539,0.0,0.0,35.949,8176720,6.8,5.437,7.6,D,2023-10-10
0138,1.79,21.37,60.495,-230788000,12.99,23.748,5.4,D,2023-10-10
5087,0.0,0.0,-0.497,16044205,0.0,-2.497,-3.8,D,2023-10-10
5275,0.0,0.0,-0.049,18753000,0.0,-5.114,-2.9,D,2023-10-10
7692,0.0,0.0,14.575,-1633241,67.75,3.032,0.5,D,2023-10-10
0108,4.4,34.48,13.251,27583750,16.72,5.729,3.2,C,2023-10-10
5073,0.0,0.0,-3.243,14156000,27.62,1.23,5.0,D,2023-10-10
0270,1.12,0.0,13.494,2730219,34.81,27.061,4.1,D,2023-10-10
0056,0.0,0.0,26.632,16044536,11.74,8.188,3.2,D,2023-10-10
2038,1.81,24.39,10.423,34047370,13.62,2.949,39.5,D,2023-10-10
0235,0.0,0.0,-2.294,-82911580,0.0,-13.902,-2.4,D,2023-10-10
4707,2.62,98.36,12.829,199307000,48.96,86.91,264.5,D,2023-10-10
0020,0.0,0.0,-100.729,-6805382,0.0,-12.894,-1.9,D,2023-10-10
7060,6.19,26.57,16.061,49347000,6.19,7.723,32.3,C,2023-10-10
0096,0.0,0.0,-45.837,5543613,0.0,-19.447,-3.5,D,2023-10-10
7241,0.0,0.0,57.409,-49974127,55.81,5.012,1.4,D,2023-10-10
7215,0.0,0.0,-17.785,-7315000,0.0,-7.094,-1.0,D,2023-10-10
7139,0.0,0.0,-21.986,-17257848,0.0,-10.763,-0.7,D,2023-10-10
0083,0.0,0.0,-11.372,7625000,31.49,1.285,1.8,D,2023-10-10
0026,0.0,0.0,-50.101,-7907192,0.0,-30.431,-1.0,D,2023-10-10
03006,1.09,0.0,31.865,457428,0.0,19.435,0.8,D,2023-10-10
0201,2.92,50.97,39.185,2458583,15.72,14.536,4.7,C,2023-10-10
03045,0.0,0.0,-13.108,-291066,0.0,-2.588,-0.1,D,2023-10-10
5047,0.0,0.0,5.209,-42099000,0.0,-0.639,-1.4,D,2023-10-10
5066,7.8,0.0,1.02,-26398074,0.0,-1.141,-0.5,D,2023-10-10
5025,0.0,0.0,-120.317,-6273366,0.0,-12.25,-1.0,D,2023-10-10
4944,0.0,0.0,-836.019,-1704000,0.0,-6.826,-0.8,D,2023-10-10
5533,0.0,0.0,1.573,-350000,23.4,1.859,-3.5,D,2023-10-10
0220,0.0,0.0,4.894,-6463018,29.08,4.787,-0.3,D,2023-10-10
0049,3.28,45.45,9.741,-1043441,13.63,4.885,2.5,C,2023-10-10
0172,0.0,0.0,13.248,-56541000,12.09,5.473,3.1,D,2023-10-10
7071,0.0,0.0,1.894,-57999036,0.0,-3.549,-0.9,D,2023-10-10
7140,6.52,164.23,4.398,-2179065,24.29,3.538,4.5,D,2023-10-10
3018,0.0,0.0,-6.517,7357000,9.13,11.0,6.8,D,2023-10-10
5298,3.03,19.41,10.403,156995000,0.0,0.0,0.0,C,2023-10-10
9008,0.0,0.0,-46.383,5758098,1.49,-23.214,23.6,D,2023-10-10
5079,0.0,0.0,-496.155,-2265037,0.0,-149.381,0.0,D,2023-10-10
03041,5.0,24.04,-4.588,1230037,0.0,-3.076,1.4,C,2023-10-10
5260,0.0,0.0,19.435,25679245,19.76,5.695,2.7,D,2023-10-10
0035,0.0,0.0,13.546,14190198,23.17,5.613,1.8,D,2023-10-10
0040,5.07,58.61,18.632,8107259,12.1,14.75,2.6,C,2023-10-10
0275,1.01,0.0,46.232,4711604,0.0,0.0,4.1,D,2023-10-10
0222,7.01,110.09,21.019,15938000,32.36,24.913,2.2,D,2023-10-10
0252,0.0,0.0,4.105,7727176,0.0,-2.33,-0.4,D,2023-10-10
7107,2.97,34.76,6.398,5024496,13.57,9.031,8.0,C,2023-10-10
4006,7.85,79.24,12.117,286722000,12.58,4.348,80.3,D,2023-10-10
5827,4.1,37.62,18.933,-15379000,9.1,9.228,16.8,C,2023-10-10
5065,1.1,0.0,0.74,-7732000,0.0,-0.278,3.3,D,2023-10-10
5053,4.92,25.6,14.837,-329034000,5.19,8.44,20.7,C,2023-10-10
0053,3.51,13.45,86.335,588856,3.53,12.865,9.7,C,2023-10-10
0153,0.0,0.0,-11.768,-14681084,0.0,-4.569,-0.2,D,2023-10-10
7225,8.16,20.33,9.694,-35424475,11.18,12.479,2.2,C,2023-10-10
7095,1.66,28.17,6.689,-24364962,16.4,12.661,18.2,D,2023-10-10
6009,4.9,448.98,-4.767,10069000,68.17,1.253,20.1,D,2023-10-10
7052,2.53,33.87,15.971,457504000,11.67,23.063,33.8,C,2023-10-10
4081,1.36,20.98,-3.387,-7957000,5.32,11.969,3.9,D,2023-10-10
1287,0.0,0.0,-2.986,-169000,0.0,-2.185,-0.1,D,2023-10-10
3719,6.37,56.46,7.755,72541000,13.09,11.194,131.9,C,2023-10-10
8419,0.52,0.0,3.003,-63930860,35.26,7.93,1.0,D,2023-10-10
5125,6.78,42.8,16.148,62143833,6.31,14.231,14.0,C,2023-10-10
5022,0.0,0.0,0.093,3333029,0.0,-0.05,0.0,D,2023-10-10
0242,0.0,0.0,27.106,-63025610,37.78,8.187,1.7,D,2023-10-10
3611,0.0,0.0,-12.171,-32912348,97.29,0.556,0.5,D,2023-10-10
9407,0.0,0.0,-7.205,-5669285,0.0,-12.339,-6.8,D,2023-10-10
1724,6.31,46.08,26.116,163342000,7.45,4.975,9.6,C,2023-10-10
5657,0.0,0.0,10.094,239978000,0.0,-2.22,-10.5,D,2023-10-10
2682,0.0,0.0,-4.163,-7613116,16.93,1.615,0.9,D,2023-10-10
0022,0.0,0.0,-4.402,-11946552,0.0,-17.738,-2.7,D,2023-10-10
6912,0.0,0.0,-26.326,10869573,0.0,0.483,-3.9,D,2023-10-10
0177,0.0,0.0,-2.221,-41095530,0.0,-8.566,-30.8,D,2023-10-10
5212,7.13,90.38,57.939,361692000,9.05,9.592,13.0,D,2023-10-10
5041,7.5,13.91,9.819,61642000,4.35,7.218,23.3,C,2023-10-10
6068,2.5,0.0,0.499,-19837000,41.62,-3.099,7.5,D,2023-10-10
6254,0.0,0.0,-34.413,-16568000,0.0,-7.039,-1.1,D,2023-10-10
5271,1.93,46.22,21.373,-571000,25.26,17.584,4.7,D,2023-10-10
4464,0.0,0.0,-35.119,-7141000,0.0,-3.972,0.0,D,2023-10-10
0233,2.15,0.0,8.814,-20519956,27.63,8.592,1.6,D,2023-10-10
5231,0.0,0.0,10.03,17645000,7.84,13.387,9.5,D,2023-10-10
9997,1.95,28.54,0.609,-38844097,0.0,-2.119,-2.4,D,2023-10-10
7160,0.39,0.0,20.637,-12913923,43.62,14.183,11.6,D,2023-10-10
8346,0.0,0.0,36.38,71533000,1.88,18.837,13.4,D,2023-10-10
0186,2.38,36.19,54.194,-70739842,15.28,10.5,8.6,C,2023-10-10
7108,0.0,0.0,20.028,62240000,18.34,5.44,0.5,D,2023-10-10
7080,0.0,0.0,-36.987,-4647429,0.0,-7.824,-1.1,D,2023-10-10
8532,0.0,0.0,-275.087,4139000,0.0,-17.539,-8.6,D,2023-10-10
5436,2.87,0.0,1.824,211222000,0.0,-0.348,29.8,D,2023-10-10
8311,0.0,0.0,2.956,44155768,0.0,-1.685,-0.9,D,2023-10-10
5219,0.0,0.0,-30.906,-160576000,0.0,-40.766,-26.2,D,2023-10-10
0171,0.0,56.07,2.397,6133876,16.71,3.943,1.3,D,2023-10-10
5133,13.04,37.74,8.19,57143000,6.94,11.35,4.1,C,2023-10-10
3042,5.43,42.37,-0.23,-54984000,0.0,17.668,3.7,C,2023-10-10
5183,2.23,91.11,13.004,6168000000,16.22,9.067,79.0,D,2023-10-10
5681,3.22,71.71,3.851,1560015000,22.7,17.501,78.2,C,2023-10-10
6033,3.8,81.47,35.638,1757096000,19.36,13.289,83.2,D,2023-10-10
8117,1.63,16.34,15.419,-3505018,17.59,7.992,6.8,D,2023-10-10
7081,15.68,0.0,-14.519,-219973000,0.0,-470.085,-46.4,D,2023-10-10
5622,0.0,0.0,0.0,-1083173,359.9,0.394,0.1,D,2023-10-10
0006,0.0,0.0,-5.981,-1452843,0.0,-14.502,-5.9,D,2023-10-10
1902,8.33,0.0,-1732.749,-8351646,0.0,-5.865,-7.4,D,2023-10-10
9598,3.11,0.0,-0.872,8748293,0.0,-0.529,-1.3,D,2023-10-10
7163,0.0,0.0,-1.668,36000,52.63,5.599,0.4,D,2023-10-10
7055,0.0,0.0,17.65,17391647,0.0,3.487,-10.8,D,2023-10-10
5075,2.65,26.88,14.574,-90138000,9.58,2.729,11.5,C,2023-10-10
9695,0.0,0.0,-9.871,32248000,0.0,-11.806,-7.9,D,2023-10-10
7172,0.0,0.0,7.115,-11110000,159.63,4.367,7.2,D,2023-10-10
6637,0.0,0.0,-23.285,2832998,0.0,-19.996,-2.2,D,2023-10-10
7088,6.98,60.36,9.41,117806886,6.08,11.139,31.7,C,2023-10-10
5080,1.56,9.2,7.85,73297191,3.44,14.516,22.5,D,2023-10-10
03031,4.2,19.56,34.245,431844,4.97,31.923,8.0,C,2023-10-10
4634,0.0,0.0,-5.461,9292000,0.0,-27.198,-21.4,D,2023-10-10
7237,4.04,59.61,15.119,14755654,14.94,19.642,13.6,C,2023-10-10
0217,2.4,0.0,5.975,4218220,21.92,9.26,1.2,D,2023-10-10
4065,2.58,31.97,3.013,8109000,12.69,6.786,154.4,C,2023-10-10
8869,1.49,49.47,11.545,1405159000,34.51,18.916,17.2,D,2023-10-10
9873,2.41,0.0,-1.625,111113000,0.0,-0.682,4.2,D,2023-10-10
7168,0.0,0.0,12.886,23839000,5.29,10.141,4.5,D,2023-10-10
7123,0.0,0.0,-25.058,-34689001,0.0,-4.259,1.5,D,2023-10-10
0123,0.0,0.0,4.844,-4275264,20.54,5.772,-0.1,D,2023-10-10
7201,0.0,0.0,3.374,13007460,0.0,-14.484,-1.5,D,2023-10-10
8966,0.0,0.0,16.686,-27112000,3.44,10.51,3.3,D,2023-10-10
0091,0.0,0.0,0.0,-15490000,13.47,9.657,1.3,D,2023-10-10
5070,0.0,0.0,-0.678,59044000,0.0,-9.672,-6.1,D,2023-10-10
0260,0.0,0.0,7.263,-13553679,7.2,0.0,7.7,D,2023-10-10
7010,0.0,0.0,5.584,-27049304,60.67,1.895,1.8,D,2023-10-10
1295,4.43,49.71,67.91,8977128000,12.2,12.962,31.5,C,2023-10-10
8273,0.36,1.74,21.94,27952000,4.59,11.237,14.5,D,2023-10-10
0007,0.0,0.0,-378.874,-36126424,0.0,-24.728,-3.3,D,2023-10-10
6807,0.0,0.0,25.384,56388000,0.0,-1.797,-3.6,D,2023-10-10
7134,5.63,87.11,-2.457,37784478,7.87,7.264,7.3,D,2023-10-10
0196,0.92,15.63,13.532,-1608000,18.18,17.086,3.2,D,2023-10-10
7084,1.92,48.54,9.106,379251000,37.4,13.339,14.3,D,2023-10-10
7544,0.0,0.0,-2.468,6886000,0.0,-7.906,-3.9,D,2023-10-10
0202,3.03,38.17,9.37,9249937,24.98,9.656,1.4,C,2023-10-10
7498,0.0,0.0,-5.04,932574,0.0,-4.905,-2.1,D,2023-10-10
0236,0.0,0.0,21.778,-6248000,15.91,10.944,1.7,D,2023-10-10
5272,6.15,49.69,-0.124,70096000,7.94,14.402,7.4,C,2023-10-10
7765,0.0,0.0,30.553,6277000,0.0,1.068,3.2,D,2023-10-10
03052,0.0,0.0,-2.472,-12299855,0.0,-6.113,-1.0,D,2023-10-10
9296,5.81,61.6,87.495,-11987793,13.18,17.259,18.9,C,2023-10-10
5256,0.0,0.0,-67.729,-23954000,0.0,-43.519,-14.3,D,2023-10-10
03002,0.0,0.0,-17.47,33452,0.0,-144.708,-0.8,D,2023-10-10
03036,3.5,43.97,20.521,3347473,7.66,23.468,2.6,C,2023-10-10
0032,3.62,23.47,27.432,53193000,8.51,25.604,7.9,C,2023-10-10
0081,0.0,0.0,-325.764,-5401006,0.0,-24.685,-2.5,D,2023-10-10
7130,0.0,0.0,26.728,-106779000,17.86,2.967,1.2,D,2023-10-10
0219,0.0,0.0,4.174,-219793,18.44,7.37,3.7,D,2023-10-10
7232,0.0,0.0,2.007,-26226000,53.73,1.017,0.5,D,2023-10-10
0200,0.0,0.0,-68.175,1562060,0.0,-21.623,2.2,D,2023-10-10
9946,0.0,0.0,-25.077,-4105998,0.0,-38.066,-7.0,D,2023-10-10
0106,4.94,76.63,50.911,6204569,12.85,23.365,6.4,D,2023-10-10
0037,0.33,3.24,9.845,60826395,9.86,18.566,0.3,D,2023-10-10
9954,2.45,0.0,4.41,-6672000,142.86,1.206,0.2,D,2023-10-10
1066,7.37,55.25,55.291,5439648000,7.93,10.59,64.7,C,2023-10-10
5278,2.9,50.51,9.298,-6350922,17.13,7.702,4.3,C,2023-10-10
7006,1.52,38.49,4.787,20159000,11.18,3.368,11.6,D,2023-10-10
5113,0.0,0.0,-5.941,38350226,0.0,-8.222,0.0,D,2023-10-10
2542,2.5,28.22,24.662,26426596,31.03,1.844,21.7,C,2023-10-10
9741,0.0,0.0,9.119,-55533476,10.22,3.692,3.9,D,2023-10-10
03039,0.0,0.0,6.899,-195077,0.0,-2.656,1.0,D,2023-10-10
8745,0.0,0.0,1.245,-377345,30.27,4.241,0.4,D,2023-10-10
8664,1.43,49.33,15.177,1593943000,29.39,1.0,3.6,D,2023-10-10
03056,0.0,0.0,0.0,-767847,0.0,-7.171,-0.4,D,2023-10-10
8567,0.0,0.0,-11.937,29398000,0.0,-5.389,-2.3,D,2023-10-10
0183,0.0,0.0,-35.458,17802000,0.0,-21.577,-6.7,D,2023-10-10
9822,0.56,22.08,9.379,-255344000,29.71,10.781,16.4,D,2023-10-10
0223,0.41,0.0,8.569,5461057,46.46,10.968,2.5,D,2023-10-10
5147,3.92,90.3,2.585,119438000,17.2,5.864,7.8,D,2023-10-10
03057,0.0,0.0,7.969,-4656950,0.0,0.0,0.1,D,2023-10-10
7943,0.0,0.0,-79.971,-7432218,0.0,-45.344,-8.0,D,2023-10-10
0133,0.0,0.0,-143.116,19710888,0.0,-11.28,-1.7,D,2023-10-10
5218,0.0,0.0,3.164,-129650000,0.0,-256.304,-19.8,D,2023-10-10
7811,6.94,51.8,5.012,10539051,7.28,7.86,12.4,C,2023-10-10
4596,0.0,0.0,-23.592,11546000,0.67,58.29,57.0,D,2023-10-10
5170,0.0,0.0,-5.474,-43293000,0.0,-87.664,-23.9,D,2023-10-10
9237,0.0,0.0,-15.424,-39795526,0.0,-27.464,-4.2,D,2023-10-10
5126,5.45,40.02,6.381,615764000,10.27,6.769,54.5,C,2023-10-10
5135,7.18,80.56,13.819,99221737,11.44,7.203,34.7,D,2023-10-10
5252,2.7,22.73,15.128,7891000,9.14,6.357,0.2,C,2023-10-10
5157,0.0,0.0,-5.996,-43243399,0.0,-2.674,-0.5,D,2023-10-10
5207,0.0,0.0,5.516,7296000,0.0,0.014,-0.1,D,2023-10-10
0109,0.0,0.0,-142.081,-7178934,0.0,-5.519,-0.2,D,2023-10-10
7239,0.0,0.0,-22.999,-30519100,0.0,-15.89,-5.0,D,2023-10-10
0158,3.23,98.04,3.821,-7884000,31.47,3.12,1.8,D,2023-10-10
7247,70.91,21.84,-2.747,19597087,0.33,206.215,172.5,C,2023-10-10
0099,7.34,79.37,16.761,41529186,12.2,27.911,9.1,D,2023-10-10
4731,2.67,31.14,14.462,110815000,12.63,14.016,26.4,C,2023-10-10
8125,2.13,18.4,7.37,-41014000,16.27,13.674,13.1,C,2023-10-10
7045,0.0,0.0,0.0,-17223000,0.0,-53.678,-18.6,D,2023-10-10
0028,0.0,0.0,1.018,-20845455,180.56,0.421,0.1,D,2023-10-10
0212,1.86,20.49,11.324,27273000,9.84,26.345,6.0,D,2023-10-10
7073,0.0,0.0,11.819,-9385869,20.9,1.066,1.2,D,2023-10-10
4286,0.0,0.0,19.502,-6433321,14.57,3.656,4.0,D,2023-10-10
5145,0.0,0.0,-9.561,-1332040,0.0,-5.045,-4.0,D,2023-10-10
0203,0.0,0.0,0.036,5211032,250.0,0.823,-0.3,D,2023-10-10
0178,0.0,0.0,10.57,-817793,24.88,7.593,0.2,D,2023-10-10
7053,2.86,0.0,1.32,1746528,0.0,-2.835,-2.2,D,2023-10-10
03009,0.0,0.0,0.0,695014,0.0,-25.411,-0.3,D,2023-10-10
9792,5.04,92.17,18.81,54554000,30.28,19.855,3.3,D,2023-10-10
2224,4.24,0.0,11.255,-36118000,14.21,2.032,1.5,D,2023-10-10
5308,4.11,0.0,4.422,14170000,16.53,16.036,4.4,D,2023-10-10
5305,3.24,37.38,4.723,-81798675,10.1,9.345,4.0,C,2023-10-10
9431,0.0,0.0,40.663,-2303858,6.95,28.593,3.8,D,2023-10-10
5213,0.0,0.0,-216.294,30113000,0.0,-29.674,-17.0,D,2023-10-10
5123,8.01,149.89,69.257,97925457,18.13,3.745,4.9,D,2023-10-10
5279,0.0,0.0,-281.563,-295230000,0.0,-102.139,-29.4,D,2023-10-10
5163,0.0,0.0,2.616,-307032,14.23,14.484,5.8,D,2023-10-10
7180,0.0,0.0,-0.758,6791367,936.51,0.598,0.1,D,2023-10-10
0055,0.0,0.0,-130.069,-22946247,0.0,-69.043,-3.7,D,2023-10-10
0251,0.44,19.61,34.596,-715739,53.05,22.193,1.5,D,2023-10-10
5517,0.0,0.0,9.743,37398000,0.0,-1.865,-9.3,D,2023-10-10
7412,0.0,0.0,4.671,3426757,28.01,4.884,3.7,D,2023-10-10
5173,1.87,6.64,20.268,192913732,4.04,16.186,16.2,D,2023-10-10
6017,5.15,42.25,32.834,34816000,9.69,6.181,22.5,C,2023-10-10
0241,0.0,0.0,-14.619,-29777000,0.0,-39.828,-4.1,D,2023-10-10
7246,0.0,0.0,7.725,1759000,20.92,11.586,3.3,D,2023-10-10
0129,0.0,0.0,-32.09,-8914850,0.0,-36.173,-1.6,D,2023-10-10
4197,5.88,90.63,4.183,211000000,10.19,8.137,21.4,D,2023-10-10
5285,1.52,78.7,9.479,1915856000,21.63,7.387,36.0,D,2023-10-10
5288,2.88,47.62,17.655,1002436000,16.24,3.027,4.6,C,2023-10-10
4316,0.0,0.0,0.228,1609869,23.05,2.038,3.6,D,2023-10-10
5172,0.0,0.0,-13.263,9058000,0.0,-22.448,-0.9,D,2023-10-10
9776,0.0,0.0,-37.333,-3816000,0.0,-11.299,-3.7,D,2023-10-10
7115,0.0,0.0,18.054,-1071839,5.11,13.872,11.4,D,2023-10-10
7155,4.33,69.46,6.091,68443000,12.75,14.348,9.0,C,2023-10-10
03008,4.38,92.59,15.485,4610525,21.21,23.966,3.0,D,2023-10-10
7248,5.88,127.31,12.144,15220925,18.94,7.007,6.5,D,2023-10-10
03023,0.54,35.09,5.603,-517140,66.67,2.073,0.4,D,2023-10-10
7132,0.0,0.0,13.16,-262000,2.02,25.974,43.8,D,2023-10-10
0117,0.0,0.0,19.846,42243000,0.0,54.292,0.4,D,2023-10-10
0169,0.0,0.0,-78.114,-3974598,0.0,-18.842,-1.3,D,2023-10-10
03054,1.7,0.0,3.606,1134087,0.0,2.391,0.0,D,2023-10-10
0259,3.85,17.68,4.333,14115447,9.06,28.026,5.0,C,2023-10-10
0215,0.0,0.0,8.308,-80510000,37.55,11.675,2.9,D,2023-10-10
5242,1.54,16.04,3.708,-8583224,10.18,5.058,1.9,D,2023-10-10
0093,0.0,0.0,-45.049,-29824592,0.0,-41.318,-9.0,D,2023-10-10
4375,0.0,0.0,-11.373,5142822,0.0,-5.131,-0.8,D,2023-10-10
5134,1.47,24.83,6.837,84805000,16.84,3.638,24.3,D,2023-10-10
0225,0.82,9.05,3.562,-54025964,14.46,6.536,1.8,D,2023-10-10
0045,5.13,0.0,0.0,-2623499,17.46,35.601,1.1,D,2023-10-10
5665,0.0,0.0,-4.696,-29553000,0.0,-21.63,-23.7,D,2023-10-10
1562,6.41,62.22,5.914,148831000,9.36,22.606,16.5,C,2023-10-10
0216,0.0,0.0,3.979,-19484829,73.73,1.127,0.5,D,2023-10-10
7103,2.6,32.34,11.091,-63106000,12.18,8.651,11.3,C,2023-10-10
6084,2.44,161.29,-5.73,16035000,66.51,0.697,1.0,D,2023-10-10
03049,1.96,10.74,14.03,2156000,6.59,44.937,3.6,D,2023-10-10
5006,2.78,0.0,-35.953,-11651144,0.0,-18.632,-21.5,D,2023-10-10
0080,0.0,0.0,0.531,-18911696,21.26,3.182,0.7,D,2023-10-10
6904,0.0,0.0,3.794,17731000,313.65,0.079,24.6,D,2023-10-10
7207,5.14,22.78,8.915,-23537296,8.31,5.563,8.6,C,2023-10-10
2569,0.61,0.0,18.977,10044518,13.47,2.546,24.3,D,2023-10-10
03050,1.36,47.17,11.046,18024417,43.93,15.623,2.4,D,2023-10-10
3743,0.0,0.0,12.664,149036000,32.87,1.399,1.8,D,2023-10-10
0262,0.0,0.0,5.909,-2248851,22.0,16.268,3.4,D,2023-10-10
5211,2.03,53.24,8.016,201945000,20.22,5.038,10.4,C,2023-10-10
5263,2.89,54.95,8.811,-242138000,18.26,17.298,10.5,C,2023-10-10
5176,6.2,102.1,68.101,428046000,17.51,5.274,8.9,D,2023-10-10
0148,0.0,0.0,9.091,-34338753,36.18,3.437,0.5,D,2023-10-10
0001,2.67,53.76,21.094,24624682,35.97,8.839,4.0,C,2023-10-10
03033,0.0,0.0,12.752,-437984,63.01,6.382,0.4,D,2023-10-10
7235,2.25,35.56,5.13,17071706,47.42,1.583,1.4,C,2023-10-10
7106,11.31,0.0,-29.644,-104973252,0.0,-3.169,-5.7,D,2023-10-10
03018,4.29,43.09,6.315,4596091,9.13,11.0,6.8,C,2023-10-10
6521,2.63,8.49,32.463,25997000,8.78,5.207,17.1,D,2023-10-10
5303,3.21,43.2,11.571,102657000,10.28,6.23,5.5,C,2023-10-10
7186,0.0,0.0,3.259,13118819,0.0,0.236,1.0,D,2023-10-10
6139,3.79,31.29,16.779,1326068000,3.25,53.553,38.1,A,2023-10-10
9717,0.0,0.0,11.114,-8104000,48.97,0.578,0.4,D,2023-10-10
7082,21.54,0.0,44.963,-43495000,30.8,4.202,1.0,D,2023-10-10
1538,0.0,0.0,-49.731,33338000,0.0,-7.18,-10.9,D,2023-10-10
0050,0.0,0.0,8.982,575000,0.0,1.076,-1.7,D,2023-10-10
7228,0.0,0.0,12.066,-237960718,14.08,8.924,2.8,D,2023-10-10
5012,10.39,75.97,19.325,406772410,7.27,12.151,72.8,D,2023-10-10
7097,0.0,0.0,-6.334,-83345000,0.0,-13.772,-1.1,D,2023-10-10
7211,0.0,0.0,15.397,-21002771,26.83,10.252,2.7,D,2023-10-10
2259,0.0,0.0,3.497,45111000,0.0,-4.021,-0.4,D,2023-10-10
8524,8.41,240.0,29.988,83010000,28.77,7.081,2.7,D,2023-10-10
5191,6.33,55.98,27.872,78311559,8.06,6.396,14.0,C,2023-10-10
4405,3.88,0.0,-0.747,42291000,0.0,-2.178,-7.8,D,2023-10-10
2429,0.0,0.0,17.185,-14004000,48.33,9.609,1.1,D,2023-10-10
5149,3.03,0.0,47.254,-9522649,3.64,16.346,8.5,D,2023-10-10
5140,6.25,12.76,8.456,54875054,7.94,14.505,11.4,C,2023-10-10
0211,5.13,0.0,0.772,-20236627,0.0,-0.241,3.8,D,2023-10-10
0221,0.0,0.0,-1.494,-29250426,0.0,-10.176,-0.5,D,2023-10-10
2054,4.63,0.0,-3.03,4026000,0.0,-2.031,-1.5,D,2023-10-10
5289,1.12,27.78,6.487,1975000,21.3,6.672,2.0,D,2023-10-10
2739,0.0,0.0,-5.243,22095000,0.0,-51.47,11.9,D,2023-10-10
0132,0.0,0.0,-13.504,-8192718,0.0,-32.479,-0.9,D,2023-10-10
7439,2.96,3.49,9.588,62874735,1.95,37.22,74.2,D,2023-10-10
7200,0.0,0.0,6.813,17757543,13.03,3.698,2.8,D,2023-10-10
0230,0.0,19.67,15.228,121855013,38.49,5.587,4.0,D,2023-10-10
4863,3.47,47.83,15.841,602000000,14.38,15.987,30.0,C,2023-10-10
5347,4.39,87.77,11.039,949000000,19.06,5.202,60.0,D,2023-10-10
9369,4.03,24.11,12.359,24732211,8.76,10.246,13.7,C,2023-10-10
7252,1.85,10.02,8.562,31347386,5.16,16.867,7.4,D,2023-10-10
0089,3.53,11.36,34.331,-10859744,13.36,10.787,3.7,C,2023-10-10
8702,26.44,0.0,2.442,82081000,0.0,-2.33,18.5,D,2023-10-10
0145,0.0,0.0,-115.464,-649000,0.0,-35.672,-0.8,D,2023-10-10
5112,5.61,73.35,12.82,97289000,13.07,4.347,6.8,C,2023-10-10
9075,2.34,42.25,2.638,2471000,17.5,5.865,6.5,C,2023-10-10
7034,3.09,27.42,8.595,-38737000,9.07,10.625,25.4,C,2023-10-10
0012,3.09,43.86,4.928,-33169000,14.48,6.463,7.2,C,2023-10-10
7889,0.0,0.0,-11.636,46034000,0.0,-17.04,-1.3,D,2023-10-10
7374,6.67,0.0,1.958,21208000,0.0,-5.033,-10.5,D,2023-10-10
7854,0.0,44.44,-4.009,-560000,10.89,6.532,8.0,D,2023-10-10
5031,2.28,75.55,26.783,303805000,3.72,8.069,24.6,D,2023-10-10
8397,0.0,0.0,13.174,62045000,13.65,3.358,5.4,D,2023-10-10
5239,0.0,0.0,5.12,138789354,76.25,0.378,0.3,D,2023-10-10
0101,0.69,12.28,15.1,20114000,27.06,4.648,2.3,D,2023-10-10
7230,3.48,10.41,8.999,-36500000,2.99,15.904,47.6,C,2023-10-10
7285,2.56,0.0,136.214,16498000,2.06,66.299,19.7,B,2023-10-10
5010,7.94,78.19,5.569,183219000,9.93,7.28,53.8,D,2023-10-10
7113,0.0,0.0,-19.344,-774724000,0.0,-7.997,2.8,D,2023-10-10
03013,1.33,86.21,18.241,3655545,0.0,10.914,2.1,D,2023-10-10
5111,1.3,0.0,40.75,12157000,0.0,-3.443,-6.3,D,2023-10-10
7173,1.06,251.09,2.219,-15211000,214.41,0.5,-0.7,D,2023-10-10
7176,0.0,0.0,1.633,23239985,5.77,22.25,2.4,D,2023-10-10
7218,0.0,0.0,-2.04,2803951,140.19,1.494,2.7,D,2023-10-10
5054,3.08,10.12,5.36,-24634000,3.2,11.551,11.3,C,2023-10-10
0199,4.09,35.71,5.188,12334109,10.71,5.431,6.3,C,2023-10-10
0118,0.0,0.0,93.589,-6775726,2.92,26.997,0.8,D,2023-10-10
5401,0.0,0.0,-15.841,-109175000,0.0,-7.142,-24.7,D,2023-10-10
9059,10.61,42.29,9.346,123661000,4.03,17.739,33.1,C,2023-10-10
5042,0.0,0.0,-21.424,7259000,32.04,1.016,0.8,D,2023-10-10
0272,0.0,0.0,24.485,-8385079,48.0,13.739,2.7,D,2023-10-10
5297,0.0,0.0,-8.212,-21265953,0.0,-36.266,-10.6,D,2023-10-10
5230,0.0,0.0,3.559,30049000,3.38,18.412,-4.6,D,2023-10-10
5167,0.71,20.17,5.583,5834625,34.29,1.908,1.6,D,2023-10-10
4359,0.0,0.0,27.412,1064294,10.01,3.053,1.8,D,2023-10-10
7079,0.0,0.0,-8.303,-25621637,0.0,-0.752,-0.1,D,2023-10-10
7100,9.54,87.23,59.421,114677772,11.92,64.273,27.4,D,2023-10-10
03043,1.11,0.0,9.263,1135055,0.0,9.561,0.6,D,2023-10-10
0005,0.0,0.0,1.477,-4967900,0.0,0.353,0.0,D,2023-10-10
1368,3.74,68.03,2.52,80194000,19.33,3.101,5.5,C,2023-10-10
5148,0.58,31.25,20.814,380884000,42.84,1.188,1.6,D,2023-10-10
0256,0.0,0.0,24.782,7466909,28.07,17.836,2.8,D,2023-10-10
7137,3.16,66.82,20.416,-695062,21.48,2.197,9.5,C,2023-10-10
7227,3.19,47.02,4.791,18314000,14.52,4.187,12.5,C,2023-10-10
4588,2.98,25.75,4.726,695457000,8.64,11.66,35.5,C,2023-10-10
03017,0.0,28.87,-21.448,-5719232,0.0,-33.461,0.6,D,2023-10-10
7091,3.23,22.1,15.655,15051133,7.65,10.315,21.2,C,2023-10-10
0257,2.22,0.0,5.97,-84352,30.78,4.182,0.7,D,2023-10-10
5005,2.47,82.82,11.063,-190725000,31.75,6.504,23.9,D,2023-10-10
2593,2.75,63.39,9.942,29469000,17.24,4.325,29.2,C,2023-10-10
2089,10.36,72.63,39.354,785575000,10.43,23.557,145.1,C,2023-10-10
7133,5.37,35.12,22.241,48950674,8.37,11.504,18.0,C,2023-10-10
0247,1.07,205.0,2.096,6416000,52.43,2.492,1.0,D,2023-10-10
5200,17.75,94.97,12.185,467599000,15.93,4.681,9.3,D,2023-10-10
5110,7.27,99.77,69.475,82462836,12.62,5.866,9.0,D,2023-10-10
7757,3.4,45.66,11.07,-4562000,13.26,4.879,4.6,C,2023-10-10
5292,0.0,38.54,25.071,-13397888,76.52,13.478,5.0,D,2023-10-10
7250,0.0,0.0,12.461,28513000,7.4,7.535,11.1,D,2023-10-10
6963,2.01,51.81,5.952,-268463000,25.94,6.816,4.3,C,2023-10-10
5243,0.0,0.0,9.03,-173836000,99.6,0.881,-1.2,D,2023-10-10
4995,0.0,0.0,-0.256,586743,0.0,-0.877,-0.2,D,2023-10-10
0273,0.0,0.0,11.391,4942236,10.84,30.652,2.7,D,2023-10-10
0069,0.0,0.0,-92.062,2455942,0.0,-11.945,0.6,D,2023-10-10
0120,5.0,40.4,14.796,4617880,17.58,9.399,4.8,C,2023-10-10
0097,1.16,33.35,49.327,124884000,45.57,20.088,19.4,D,2023-10-10
7070,0.0,0.0,-12.197,-41177964,0.0,-14.468,-9.4,D,2023-10-10
0232,2.94,26.16,11.338,-8078482,28.91,6.106,4.2,C,2023-10-10
0066,0.0,0.0,-164.04,-18402260,0.0,-15.09,-9.3,D,2023-10-10
5162,4.63,33.88,2.903,-24003000,7.37,16.047,16.7,C,2023-10-10
5142,0.0,0.0,7.273,129600000,44.38,2.77,-0.8,D,2023-10-10
0102,0.0,0.0,-46.122,-21813397,0.0,-60.369,-3.0,D,2023-10-10
7203,2.21,45.45,1.851,-13613279,21.57,2.623,4.1,C,2023-10-10
5016,0.0,0.0,-0.851,-15747000,0.0,-2.737,-17.7,D,2023-10-10
7226,0.0,0.0,-19.951,-26798,0.0,-2.606,-1.0,D,2023-10-10
3565,0.0,0.0,-5.064,-554892000,23.9,8.173,3.3,D,2023-10-10
9679,0.89,15.72,5.281,149428000,16.39,1.138,9.1,D,2023-10-10
0197,0.0,20.83,32.948,20201973,7.5,11.029,3.6,D,2023-10-10
7231,5.91,68.82,27.228,34061899,14.85,35.705,6.7,C,2023-10-10
0271,0.0,0.0,3.467,14542310,244.68,5.519,0.2,D,2023-10-10
5246,4.95,64.12,45.724,653201000,14.42,23.419,20.5,C,2023-10-10
5009,0.0,0.0,-11.546,-60223000,0.0,-6.293,0.4,D,2023-10-10
0162,0.0,0.0,-17.165,18728468,0.0,-4.835,-0.2,D,2023-10-10
0008,4.23,50.17,9.389,-18679000,11.94,7.513,3.2,C,2023-10-10
6378,0.0,0.0,10.867,37442512,0.0,-29.928,-1.6,D,2023-10-10
7050,1.03,0.0,2.357,2913015,69.28,1.516,1.4,D,2023-10-10
7025,0.0,0.0,-29.737,-2125262,0.0,-8.639,-7.3,D,2023-10-10
4243,3.19,0.0,-5.229,1134000,0.0,-3.273,-1.1,D,2023-10-10
5156,0.0,0.0,-4.698,-36670000,0.0,-2.587,-0.7,D,2023-10-10
5267,0.0,0.0,-7.871,-4270170,0.0,-9.033,-6.4,D,2023-10-10
7121,0.0,0.0,9.563,-19482981,55.28,3.886,0.1,D,2023-10-10
0165,0.0,0.0,-10.02,-24429079,0.0,-56.938,-1.9,D,2023-10-10
0140,0.0,0.0,-43.026,-20615642,0.0,-21.33,-1.1,D,2023-10-10
0017,0.0,0.0,15.989,-3364867,32.43,9.038,0.0,D,2023-10-10
7003,0.0,0.0,24.834,69566000,24.02,2.028,4.4,D,2023-10-10
7178,3.11,26.48,15.466,43958000,8.51,10.938,24.4,C,2023-10-10
5048,0.0,0.0,-65.843,-859313,0.0,-6.208,-7.2,D,2023-10-10
0025,0.0,0.0,3.178,-10783376,146.91,1.515,1.5,D,2023-10-10
5300,3.53,41.56,8.068,5044721,12.33,10.271,7.2,C,2023-10-10
0248,0.0,0.0,-2.465,4343029,0.0,-0.562,-0.3,D,2023-10-10
0086,0.0,0.0,-3.703,609179,0.0,-2.849,-0.5,D,2023-10-10
7293,0.79,18.29,20.139,-2344000000,13.09,9.719,16.7,D,2023-10-10
7020,0.0,0.0,-0.534,3660971,0.0,-11.211,-1.3,D,2023-10-10
7014,0.0,0.0,8.203,-8095000,7.74,3.636,3.3,D,2023-10-10
3158,0.0,0.0,23.088,24588648,0.0,-2.587,-0.5,D,2023-10-10
7066,0.0,0.0,-1.471,-48212179,0.0,-8.419,-6.0,D,2023-10-10
5159,4.25,23.54,19.365,29487000,6.5,13.078,24.0,C,2023-10-10
