Ticker,dividendYield,payoutRatio,operatingMargins,CF,P/E,ROE,EPS
5250.KL,0.0271,1.0385,0.048189998,353993000.0,38.19,51.103,0.060
7167.KL,0.0465,0.4039,0.08492,-143040391.0,12.02,8.475,0.109
7086.KL,,0.0,0.04338,810389.0,108.11,0.674,0.000
5198.KL,,0.0,0.0195,-45692900.0,-,-3.447,-0.012
03028.KL,0.056599997,99.0,-5e-05,-5502239.0,-,-0.253,0.000
7131.KL,,0.0,0.09486,-14948930.0,62.50,1.337,0.001
0218.KL,0.0089,0.1418,0.02849,-1925023.0,19.70,4.188,0.017
0122.KL,,0.0,-2.6105301,-3856372.0,-,-53.551,-0.050
1481.KL,0.0070999996,,-0.03102,-36418000.0,-,-6.510,-0.014
5281.KL,,0.0,-0.00699,97028.0,-,-9.912,-0.048
9148.KL,,0.0,-0.06138,-330599.0,-,-7.284,-0.022
7191.KL,,0.0,-0.25435,211408.0,-,-14.218,-0.034
7146.KL,,0.0,-0.16245002,-22628669.0,-,-19.977,-0.010
0181.KL,,0.0,-0.30313,-42979184.0,-,-8.148,0.020
6599.KL,0.0364,0.5391,0.07073,586354000.0,13.87,5.806,0.079
5139.KL,0.040599998,0.3254,0.36981,-115593000.0,8.47,13.608,1.596
5185.KL,0.0577,16.0953,0.19718,2256825000.0,3.98,0.773,0.544
7145.KL,,0.0,-0.20955999,-77911107.0,-,-57.016,0.036
0258.KL,,0.0,0.27194,3536229.0,25.14,27.527,0.021
7315.KL,,0.0,-2.05483,-12924108.0,-,-51.623,-0.027
7078.KL,,0.0,-0.13971,-10189000.0,-,-47.660,-0.139
0209.KL,,0.0,0.14484,23797288.0,29.85,8.879,0.010
5238.KL,,0.0,-23.75049,415306000.0,1.31,-122.726,-0.157
2658.KL,0.0058999998,0.1275,0.05416,-63992261.0,23.30,7.831,0.452
7609.KL,,0.0,0.17275,3852359.0,5.83,17.184,0.102
5116.KL,0.0608,1.1202999,0.87135005,88871011.0,17.52,5.473,0.082
5115.KL,,0.0,0.04319,-24749481.0,2.76,"-1,009.765",0.014
2674.KL,0.0313,0.0722,0.093339995,164507000.0,2.28,21.276,0.577
0079.KL,,0.0,0.11795,-914274.0,68.18,2.155,0.000
2488.KL,0.0592,0.5528,0.50092,1401089000.0,8.47,9.422,0.438
1163.KL,0.0733,0.78839993,0.16384001,1057388000.0,10.99,11.725,1.366
03051.KL,,,-2.4063299,1579748.0,-,-34.611,-0.079
5269.KL,0.0717,0.26680002,0.65529996,50827196.0,4.28,10.282,0.113
5127.KL,0.0396,2.7393,0.56323004,47834981.0,34.19,0.967,0.021
5293.KL,0.0201,0.1618,0.13588001,-10760365.0,53.98,15.358,0.000
5307.KL,0.056700002,0.5187,0.83195996,31732382.0,10.56,-,0.101
5120.KL,0.0806,1.1688,0.50039,53165736.0,18.12,1.563,0.021
03011.KL,0.0186,0.354,0.059959996,-4111020.0,37.89,6.979,0.011
1015.KL,0.063,0.3547,0.53021,5844100000.0,7.15,9.798,0.524
7031.KL,,0.0,0.06786,-4526841.0,24.53,3.902,0.021
6351.KL,0.0377,0.4159,0.06783,-18521000.0,11.08,33.379,0.468
7083.KL,0.0127,0.0845,0.18518,14131000.0,7.03,7.106,0.213
0048.KL,,0.0,0.059970003,1613000.0,-,-1.786,-0.001
4758.KL,0.0084,0.0,0.05672,83327000.0,14.13,17.129,0.076
0226.KL,,0.0,-0.11063,-17392358.0,-,-29.391,-0.060
6556.KL,,0.0,-0.09122,-111373000.0,-,-17.162,-0.237
5082.KL,,0.0,-0.16415001,367243.0,-,-76.643,0.765
5568.KL,,1.3652999,0.11193,19555366.0,31.27,5.149,0.077
5088.KL,,0.0,0.17357999,-77077000.0,34.88,2.043,0.032
7090.KL,0.02,0.2603,0.104770005,40146743.0,4.30,59.649,0.142
5015.KL,0.068,0.9537,0.02705,66992000.0,13.69,2.208,0.135
6432.KL,0.065799996,0.5759,0.15283,36984966.0,11.31,14.543,0.396
0119.KL,,0.0,0.08951,-3965792.0,81.30,6.624,0.000
7214.KL,0.05,0.32930002,0.03187,11996901.0,6.17,8.945,0.106
7181.KL,,0.0,0.052160002,-26685000.0,6.14,4.940,0.015
7007.KL,,0.0,-0.080340005,-1607718.0,-,-5.688,-0.012
0038.KL,0.0025,0.0,-0.05704,-9006042.0,-,-29.584,0.017
0068.KL,,0.0,-0.27676,-8161220.0,-,-6.326,-0.019
7722.KL,0.0377,0.5168,0.07669,4132690.0,14.46,3.849,0.052
7129.KL,0.0182,0.0995,0.15819,55647314.0,9.72,5.286,0.161
0159.KL,,0.0,0.29343,-1001284.0,20.91,15.038,0.010
0105.KL,,0.0,-0.081590004,-27957265.0,-,-5.698,-0.011
4057.KL,,0.0,0.111619994,-3465000.0,17.69,0.797,0.004
7162.KL,0.0172,0.15720001,0.0624,-86339000.0,8.65,6.169,0.098
7054.KL,,0.0,-0.43106,1442024.0,-,-3.074,-0.006
03032.KL,,0.0,0.29201,4149285.0,-,10.801,0.018
6399.KL,0.087,1.0,0.09624,752651000.0,15.14,15.292,0.049
0072.KL,,0.0,-1.36588,1830172.0,-,-27.321,-0.014
8176.KL,,0.0,-0.42238998,146769000.0,-,-43.352,-0.212
7048.KL,0.0143,0.45509997,0.096190006,18038000.0,31.84,5.496,0.086
5130.KL,0.0507,0.9215,0.80606,29621319.0,16.35,6.845,0.096
7099.KL,,0.0,0.093389995,-9054626.0,5.98,4.606,0.045
5302.KL,0.0174,0.36169997,0.10578,1392521.0,22.89,15.398,0.104
03037.KL,,0.0,0.05752,16893602.0,-,12.510,0.011
8885.KL,,0.0,-0.00495,3822000.0,-,-2.764,-0.004
5204.KL,,0.0,-0.10458,-15560000.0,-,-3.461,-0.008
7579.KL,0.036,0.36830002,0.02829,49391136.0,69.63,0.952,0.007
6888.KL,0.059499998,,0.0851,-1242499000.0,2.44,-28.977,1.063
5106.KL,0.0446,0.9333,0.70637,228130000.0,17.98,6.386,0.116
7120.KL,,0.0,-0.16976,-21209233.0,-,-4.742,-0.021
2305.KL,0.0271,0.36029997,0.41175,35169000.0,13.13,7.453,0.472
5021.KL,0.0253,0.1439,0.041350003,4307000.0,6.43,6.279,0.096
7005.KL,,0.0,0.038629998,-509511.0,16.61,6.722,0.042
03012.KL,0.0075,0.205,0.15489,-1449012.0,27.41,6.639,0.024
0098.KL,,0.0,-0.04087,10484126.0,-,-9.604,0.007
5258.KL,0.0318,0.5789,0.33368,1849055000.0,9.02,7.478,0.229
7251.KL,,0.0,0.025109999,-30055000.0,13.58,294.519,0.004
1899.KL,0.0545,0.65480006,0.0908,1547297000.0,12.14,8.685,2.981
6602.KL,,0.0,0.21484,69995237.0,4.99,4.867,0.061
0187.KL,,0.0,-0.09997,-51528204.0,-,-6.977,-0.014
5190.KL,,0.0,-0.53279996,24561746.0,-,-11.103,-0.049
3239.KL,,0.0,0.20743,20366000.0,-,-1.277,-0.009
3395.KL,,0.0,0.06306,258289000.0,-,-1.910,-0.021
5196.KL,0.0467,1.854,0.16540001,252920000.0,11.65,21.087,0.059
4219.KL,,0.0,0.063769996,78595000.0,9.09,3.930,0.030
5248.KL,0.080299996,0.47529998,0.10130999,102664000.0,7.87,52.127,0.263
9814.KL,,0.0,0.056929998,-1787759.0,1.23,15.345,0.062
7668.KL,0.0392,2.046,0.10014,7684589.0,18.80,5.197,0.054
0263.KL,0.033,0.1385,0.12893,23557113.0,12.59,-,0.036
6173.KL,0.0148,,0.03807,16429000.0,-,-0.100,0.018
5932.KL,,0.0,-0.77088,16521000.0,-,-87.474,-0.058
0195.KL,,0.0,0.08903,-3636418.0,36.57,3.501,0.012
6998.KL,,0.0,-1.15018,-1038000.0,-,-35.516,-0.061
5032.KL,0.0238,0.5822,0.27339,386135000.0,21.21,6.337,0.278
0179.KL,,0.0,-1.59511,-19664053.0,-,-32.808,-0.038
5069.KL,0.0027,0.2583,0.014520001,178456551.0,56.82,2.486,0.324
0168.KL,0.019,0.4781,0.06599,11451623.0,25.87,7.763,0.027
9288.KL,0.044699997,0.2839,0.20153,93728000.0,6.47,12.549,0.274
7036.KL,,0.0,0.56104,19558927.0,-,-1.480,-0.001
8133.KL,,0.0,-0.022880001,-34682000.0,-,-37.534,-0.080
5254.KL,0.0274,2.0951,0.0598,248016000.0,38.52,2.963,0.266
6297.KL,,0.0,0.00821,76863350.0,-,-9.891,-0.050
5100.KL,0.048800003,0.5345,0.06459,15262297.0,12.44,11.568,0.108
9938.KL,,0.0,-0.02881,-11371304.0,-,-1.451,-0.012
0011.KL,0.0296,0.2712,0.43935,2729480.0,9.16,9.012,0.030
4162.KL,0.0808,1.0673001,0.32758,362859000.0,12.38,59.097,0.919
7221.KL,,0.0,-0.083579995,4395337.0,-,-15.331,0.008
7188.KL,,0.0,-2.23523,-1806852.0,-,-45.289,-0.041
5210.KL,,0.0,0.42474,1427282000.0,4.74,12.908,0.124
1818.KL,0.044499997,0.9233,0.52355,194339000.0,24.05,28.398,0.280
03042.KL,,0.0,0.29995,2415244.0,-,17.668,0.037
2828.KL,0.0484,0.1935,0.03546,64188000.0,5.45,27.180,0.620
7174.KL,,0.0,0.08585,105966641.0,4.34,18.982,0.083
0191.KL,,0.0,0.01556,481048.0,117.95,0.777,0.007
2852.KL,0.026300002,0.1319,0.01249,-49725000.0,4.66,7.761,0.267
7128.KL,,0.1319,0.0546,12393678.0,4.96,10.701,0.085
5105.KL,0.0149,0.314,0.036059998,185456000.0,21.74,1.327,0.477
5311.KL,0.0047,0.0,0.099659994,-13332387.0,-,-,0.036
5099.KL,,0.0,-0.045840003,-372832000.0,10.76,0.000,-0.648
5180.KL,0.0725,2.4235,0.47257,140912000.0,28.29,1.917,0.023
0163.KL,,0.0,-0.62741,58822278.0,-,-43.271,0.394
5257.KL,0.0215,0.0,0.11339,-17948000.0,9.31,12.697,0.099
03016.KL,0.045500003,0.2161,0.29161,18134058.0,7.26,25.043,0.030
2836.KL,0.044,0.85870004,0.17198,266250000.0,19.90,184.723,1.037
03048.KL,,0.0,-0.24235001,-3346479.0,-,-934.765,0.004
0173.KL,,0.0,0.14602,-1168352.0,-,3.187,-0.009
7076.KL,0.0364,,-0.051119998,-41897000.0,-,-2.666,-0.012
03053.KL,0.0294,2.506,0.14716,-42265.0,52.87,5.110,0.010
7035.KL,0.0435,0.2969,0.059949998,11780683.0,7.01,20.585,0.101
03024.KL,0.0013,0.0183,0.17295,7208592.0,-,13.024,0.069
0238.KL,0.015800001,0.38459998,0.13647,4771887.0,18.42,7.314,0.026
0243.KL,0.0292,0.3493,0.25768,13626809.0,23.60,13.352,0.016
5195.KL,0.0319,0.9146,0.0764,3750000.0,31.37,4.556,0.011
8052.KL,,0.0,0.076630004,-13161751.0,52.64,7.343,0.063
8982.KL,0.0432,0.8368,0.07998,49060000.0,28.63,1.880,0.102
7209.KL,,0.0,-0.11614,278242.0,-,-14.123,-0.038
5273.KL,,0.0,0.027479999,-14111305.0,84.34,12.531,0.055
7187.KL,,0.0,0.047280002,-21740254.0,17.77,10.778,0.016
1929.KL,0.0209,0.23110001,0.27754,76185147.0,11.08,7.569,1.177
5007.KL,0.0104,0.6192,0.10031,111313372.0,10.02,5.865,0.138
5188.KL,,0.0,-2.2241,173000.0,-,-16.574,-0.024
5797.KL,0.0269,,-0.058029998,44927000.0,-,-2.508,0.052
7016.KL,,0.0,0.00945,-31320175.0,-,-0.739,-0.014
1023.KL,0.0645,0.44919997,0.48251,7187992000.0,9.84,9.661,0.521
7245.KL,,0.0,-0.14536999,-5108000.0,-,-15.093,-0.173
5104.KL,,0.0,0.0066299997,1766950.0,-,-3.051,-0.002
7117.KL,0.0375,0.45450002,0.03243,101878000.0,12.90,4.349,0.048
7202.KL,0.156,1.375,0.2223,3820089.0,16.09,8.031,0.045
7154.KL,,0.0,-0.20896,397571.0,-,-9.940,-0.029
03001.KL,,0.0,-0.00765,-7211624.0,-,-1.502,-0.001
7018.KL,,0.0,-0.040949997,-1831000.0,-,-3.158,-0.005
7986.KL,,0.0,-0.50861,-31979761.0,-,-48.631,-0.100
0246.KL,0.026199998,0.0,0.12793,14000.0,14.49,14.062,0.047
5071.KL,,0.0,0.25636,45243763.0,2.88,24.260,0.696
2127.KL,,0.0,-0.22635001,-11888995.0,-,-7.691,-0.073
7195.KL,,0.0,0.121759996,-12197000.0,15.02,80.638,0.086
5037.KL,,0.0,-1.18215,-4555000.0,-,-7.774,-0.002
8044.KL,,0.0,-0.12179,-1569771.0,-,-4.236,0.291
8435.KL,,0.0,0.03769,5364719.0,50.41,2.548,0.005
0240.KL,,0.0,0.107609995,1910905.0,24.70,12.840,0.034
0261.KL,0.0256,0.4611,0.08026,-13192000.0,25.37,-,0.016
5738.KL,,0.0,-0.49984002,-19779000.0,-,-11.732,-0.286
5049.KL,0.0545,1.3672,0.09764,-11565000.0,22.68,1.241,0.030
6718.KL,0.036,0.7463,0.12831001,48244372.0,15.72,2.618,0.088
8591.KL,,0.0,0.02466,-446593.0,-,-6.613,-0.092
5094.KL,0.024600001,0.6865,-0.00834,122660322.0,28.63,1.835,0.040
7165.KL,,0.0,-0.86891,-96284866.0,-,-6.738,-0.019
5301.KL,0.015700001,0.6197,0.34569,69256000.0,43.73,14.400,0.031
0051.KL,,0.0,-0.23846,-3431326.0,-,-6.007,-0.006
9423.KL,0.0221,0.152,0.08984999,-22453298.0,9.54,5.831,0.037
7157.KL,,0.0,0.20583001,2195416.0,-,-1.962,-0.002
5184.KL,,0.0,-0.18202999,-301147000.0,-,-25.242,0.125
7204.KL,0.0038,0.2717,0.124230005,-237596000.0,185.15,4.883,0.047
4456.KL,,0.0,0.120620005,360726000.0,-,-6.501,0.177
5276.KL,0.0482,0.4651,0.13689,7905622.0,8.82,10.347,0.044
8338.KL,,0.0,-0.60778,-21304000.0,-,-26.931,-0.026
5216.KL,0.051599998,0.6826,0.31861,69423000.0,15.40,23.715,0.027
5141.KL,0.0311,0.3043,0.23113,147845000.0,18.66,7.856,0.105
5132.KL,0.036,0.4747,0.08189,13382791.0,8.99,11.598,0.105
7212.KL,,0.0,-0.19493,68122652.0,-,-24.865,-0.018
5165.KL,,0.0,-0.02794,3710841.0,-,-2.698,0.006
0152.KL,,0.0,-0.36922002,-37501354.0,-,-11.705,-0.014
7277.KL,0.0222,0.3825,0.087349996,109370000.0,24.10,8.781,0.090
6947.KL,0.0293,1.3630999,0.45075,1671135000.0,47.23,11.606,0.094
0029.KL,,0.0,0.28294,29657284.0,-,-3.899,-0.019
0131.KL,,0.0,0.13313,7452715.0,18.06,18.301,0.007
7528.KL,0.014199999,0.18059999,0.16653,978031.0,12.70,3.652,0.131
5908.KL,0.033099998,0.4084,0.02528,97548000.0,7.14,12.788,0.661
7114.KL,,0.0,-0.00496,-10059083.0,-,-3.822,-0.001
5265.KL,,0.0,-0.4577,-8472515.0,-,-29.931,-0.006
7169.KL,0.039,0.45520002,0.02905,17448528.0,11.75,3.078,0.066
0205.KL,0.012200001,1.0,0.054330003,-6874291.0,51.12,3.489,0.004
7198.KL,,0.0,0.10775,-9417543.0,19.84,2.760,0.022
1619.KL,0.0139999995,0.2083,0.04276,-651457000.0,15.21,2.454,0.097
0269.KL,0.018099999,0.0,0.16906,25144890.0,25.26,-,0.022
7233.KL,0.0324,1.0252,0.48789,21633308.0,28.23,9.989,0.126
7148.KL,0.019199999,0.3199,0.13239999,-756000.0,15.82,10.470,0.074
3948.KL,,0.0,0.026500002,-19347000.0,25.94,0.860,0.012
3026.KL,0.0222,0.86660004,0.02974,29030000.0,-,14.120,0.016
03046.KL,0.026700001,0.9756,0.30707002,3776576.0,34.26,14.288,0.026
5259.KL,,0.0,0.21451999,12856000.0,2.96,142.580,0.038
0154.KL,,0.0,0.02648,-11507685.0,-,-22.936,-0.003
3417.KL,,0.0,0.01179,-130810000.0,15.47,4.379,0.018
0267.KL,,0.0,0.31081,444523.0,34.78,-,0.014
2143.KL,,0.0,-0.111770004,2249000.0,3.68,16.721,-0.005
8206.KL,0.0556,0.78370005,0.15183,932853000.0,17.45,3.502,0.053
5283.KL,0.90410006,0.0,-0.17193002,107168000.0,-,-7.454,-0.098
0059.KL,,0.0,-0.20291,-2716890.0,-,-31.740,-0.079
3557.KL,,0.0,1.03194,-2153000.0,29.96,2.699,0.011
0239.KL,0.014199999,0.2941,0.1616,2281095.0,48.73,13.609,0.018
0227.KL,,0.0,0.22207001,3980512.0,25.19,17.005,0.035
5253.KL,,0.0,-0.02473,-31903000.0,-,-3.979,-0.011
0255.KL,,0.0,-0.09016,-26200247.0,-,-16.367,-0.032
5036.KL,0.034,0.8663,0.06431,-7941519.0,14.87,6.819,0.035
7471.KL,,0.0,0.02642,1779000.0,3.00,10.619,0.057
0107.KL,,0.0,-1.9071499,-551566.0,18.40,3.594,-0.001
0064.KL,,0.0,-0.09116,-8048783.0,145.67,0.746,-0.002
8907.KL,,0.0,0.04443,-78091000.0,15.91,9.401,0.090
5208.KL,0.036199998,0.8865,0.031070001,23525000.0,25.18,3.533,0.068
8877.KL,,0.0,0.20718001,-101738000.0,-,-4.703,-0.041
9016.KL,,0.0,-0.37369,27890067.0,13.97,1.643,-0.111
5228.KL,0.052199997,0.76559997,0.40015,-73831511.0,15.06,8.404,0.105
0090.KL,0.0381,0.335,0.15053001,11782055.0,8.71,32.277,0.063
9091.KL,,0.0,0.15032,6055564.0,17.20,4.451,0.003
6076.KL,,0.0,0.34441003,113432000.0,-,-4.521,-0.064
03025.KL,,0.0,0.07068,-1266723.0,9.08,26.331,0.013
7149.KL,,0.0,-0.047399998,-4351900.0,-,-3.836,-0.032
5056.KL,,0.0,0.02159,-61399000.0,57.64,0.564,0.075
8613.KL,,0.0,-1.07799,-16113000.0,-,-24.193,-0.189
7217.KL,0.025,,-0.059169997,30008869.0,-,1.144,0.071
7773.KL,,0.0,0.040960003,-44237000.0,9.78,6.629,0.002
03021.KL,,0.0,-1.6274,-2331763.0,-,-88.517,-0.012
0100.KL,,0.0,0.08776,30017848.0,5.14,16.150,0.045
5081.KL,0.0328,,-0.00386,10393000.0,-,-2.186,-0.024
6815.KL,0.016900001,0.102,0.16649,-128743000.0,4.99,5.181,0.204
7208.KL,,0.0,-0.10977,-7228000.0,-,-18.891,-0.027
7094.KL,,0.0,-0.19171,-7864218.0,-,-16.967,-0.138
0174.KL,,0.0,0.08432,-12503103.0,-,7.558,0.004
5101.KL,,,-0.04666,52416514.0,-,-7.338,-0.031
0190.KL,,0.0,0.014520001,-5363070.0,-,-1.138,-0.019
5205.KL,,0.0,-0.01672,74301000.0,-,-58.002,-0.463
7249.KL,,1.0417,0.083680004,11216936.0,295.60,0.572,-0.002
0065.KL,0.025999999,0.65790004,0.37002,17664967.0,32.16,6.843,0.022
2984.KL,0.02,0.3547,0.02479,2988858.0,15.67,3.275,0.084
7047.KL,0.0339,0.6135,-0.1091,-14467000.0,-,-3.816,-0.019
5029.KL,0.048600003,0.95739996,0.15781,138310642.0,19.43,8.372,0.366
6041.KL,,0.0,-1.27617,1239660.0,-,-16.533,-0.071
5306.KL,0.0083,0.48419997,0.0834,-163387545.0,56.08,6.596,0.027
0084.KL,,0.0,-0.02232,-6182672.0,-,-5.249,-0.034
7229.KL,0.0219,0.4143,0.13268,13889000.0,9.56,6.963,0.165
2755.KL,,0.0,-0.027579999,-1696000.0,10.03,11.738,0.096
8605.KL,0.0113,0.0,0.16399999,-10544715.0,7.48,10.372,0.074
5222.KL,0.1079,0.9388,0.039419997,1462209000.0,8.67,9.979,0.364
6939.KL,,0.0,0.12206,14980000.0,7.31,10.472,0.074
0149.KL,0.0278,0.1358,0.21441,1347000.0,8.58,8.683,0.050
03026.KL,,,,-1458622.0,-,14.120,0.016
3107.KL,0.070199996,1.1013,0.11971,21350000.0,15.76,4.575,0.152
0150.KL,,0.0,-0.48451,-99913213.0,-,-14.622,-0.005
9318.KL,,0.0,-0.18604,122959000.0,-,-17.292,-0.092
0231.KL,,0.0,-0.03337,-12888146.0,-,-8.738,-0.014
7210.KL,0.1026,0.4768,0.07114,22189000.0,7.91,11.268,0.075
0116.KL,,0.0,-0.05126,34051098.0,-,-12.292,-0.002
5197.KL,0.1254,0.8804,0.06689,52031659.0,13.36,4.468,0.133
0157.KL,0.0385,0.36189997,0.19497,60135000.0,10.70,33.638,0.078
9172.KL,0.0758,0.60830003,0.11582,137184648.0,7.71,19.974,0.414
5277.KL,0.037,0.7143,0.12158,12417546.0,24.82,8.681,0.017
3689.KL,0.021300001,0.4425,0.12667,-93147000.0,18.60,16.288,1.043
0128.KL,0.013300001,0.5505,0.32016,90203104.0,42.54,21.888,0.078
9377.KL,,0.0,0.31410998,-5709000.0,15.90,31.619,0.015
7676.KL,,0.0,-0.24468,-30797054.0,-,-15.908,-0.058
7184.KL,,0.0,-0.17337,-8708116.0,-,-8.309,-0.003
5226.KL,,0.0,0.06331,-30925090.0,15.25,3.218,0.031
9261.KL,0.020599999,,-0.04143,10428000.0,-,-3.625,-0.040
0206.KL,,0.0,-0.044699997,9356000.0,-,-1.444,-0.004
5398.KL,0.0271,0.39580002,0.09212,255054000.0,6.21,7.216,0.316
5209.KL,0.047199998,0.77019995,0.062080003,473928000.0,10.07,31.763,0.303
0198.KL,,0.0,0.01894,-35288464.0,24.73,5.023,0.018
0078.KL,0.0083,,-0.06046,3979907.0,-,-6.605,-0.003
0104.KL,,0.0,0.27736,17678733.0,25.71,22.382,0.092
3182.KL,0.036,2.8319001,0.18715,4877800000.0,74.39,0.670,-0.078
4715.KL,0.0598,,0.12991,1679000000.0,-,-2.782,-0.092
2291.KL,0.0296,0.7068,0.11963,586937000.0,19.39,4.521,0.525
3204.KL,0.0396,,0.072,23392000.0,-,-0.900,0.001
7197.KL,,0.0,0.0531,25761000.0,19.26,6.320,0.091
0039.KL,0.02,0.1184,0.35604,25334014.0,6.23,13.425,0.032
0021.KL,0.0311,0.95059997,0.10323,-60613695.0,30.50,5.711,0.025
1147.KL,,0.0,0.061,14595000.0,-,-0.836,0.025
5220.KL,0.030299999,0.3839,0.06267,10716000.0,16.01,3.694,0.038
7022.KL,0.019199999,0.5703,0.25541002,47504000.0,28.72,11.728,0.068
5020.KL,0.033299997,0.3788,0.18955,100722434.0,9.02,2.697,0.041
7382.KL,,0.0,-0.18255,-12219741.0,-,-3.494,-0.062
5649.KL,0.089499995,0.314,0.20741,10777000.0,4.00,16.218,0.083
2135.KL,0.0286,,-0.75664,-1483337.0,-,-1.156,-0.009
03029.KL,,0.0,-0.14661,-489084.0,-,-465.663,-0.069
5592.KL,,0.0,-0.2707,1513429.0,-,-2.170,-0.017
0208.KL,,0.0,0.19708,8320112.0,38.35,25.112,0.105
0074.KL,,0.0,-1.32422,-12414073.0,-,-9.857,-0.010
0082.KL,,0.0,-0.068909995,-108744000.0,-,-39.029,-0.121
0136.KL,,0.0,-0.10935,142632.0,4.07,22.776,0.086
9962.KL,0.05,0.1587,0.24164,13000439.0,9.83,3.066,0.024
5102.KL,,0.2307,0.03968,2886248.0,23.69,6.404,0.135
3247.KL,,0.0,-0.01688,3782000.0,-,-2.126,-0.015
1503.KL,0.0274,0.3143,0.16163,-1089000.0,16.62,2.186,0.043
0237.KL,0.0277,0.3052,0.03809,-7541486.0,10.91,8.172,0.037
7253.KL,,0.0,-0.60846,3507544.0,12.21,8.379,0.001
3034.KL,0.0682,0.5435,0.11662,-718156000.0,7.41,17.499,0.382
5138.KL,0.0452,1.2861999,0.17056,167054000.0,20.05,3.891,0.263
2062.KL,0.047399998,0.1158,0.17875999,143707782.0,3.00,22.234,0.380
7501.KL,,0.0,0.02938,-13081738.0,348.84,0.812,-0.044
5008.KL,0.059699997,0.2845,0.044949997,-25379000.0,8.10,16.987,0.975
5168.KL,,,-0.02072,-344007000.0,-,-7.767,-0.069
0060.KL,,0.0,-0.17929001,39019797.0,-,-8.417,-0.007
5187.KL,,0.0,-1.6865401,-4231000.0,-,-58.588,-0.137
7105.KL,,0.0,0.1722,55576000.0,70.48,6.540,0.020
3255.KL,0.056700002,1.0072,0.20485,289037000.0,17.20,104.880,1.367
5028.KL,,0.0,0.07872,-17535000.0,-,-20.274,-0.098
5121.KL,0.1322,0.5373,0.4729,35382149.0,4.21,12.118,0.158
0175.KL,,0.0,0.24063998,33993044.0,7.71,17.070,0.032
4324.KL,0.0307,,-0.092659995,-133841000.0,-,-68.977,-0.525
5095.KL,0.033800002,,-0.0071799997,2890000.0,-,-1.264,0.016
5151.KL,0.013099999,0.2857,0.12505001,91303080.0,80.37,16.393,0.013
7803.KL,,0.0,-0.36308998,-34958894.0,-,-11.514,-0.062
0161.KL,0.0506,0.0,0.1041,-15589968.0,7.73,46.864,0.004
5136.KL,,16.6667,0.022160001,-9778930.0,992.90,2.091,0.032
3298.KL,0.0423,1.2121,0.11545999,-1940020.0,29.49,2.026,0.031
0160.KL,,0.0,0.09,4770796.0,9.66,6.396,0.021
5072.KL,0.023,1.3889,0.0026800002,-208272000.0,55.93,1.026,0.090
5199.KL,0.026500002,0.1039,0.32027,749909000.0,5.43,16.375,0.199
8443.KL,0.02,0.24129999,0.20040001,29549821.0,12.55,6.635,0.072
0188.KL,,0.0,-0.24326,-3384839.0,-,-36.384,-0.073
5169.KL,,0.0,0.16574,-20523000.0,-,-4.686,-0.065
9601.KL,,0.0,0.00382,-16965000.0,-,-4.704,-0.009
5160.KL,0.0525,0.317,0.19743,44857196.0,7.84,11.348,0.096
5819.KL,0.030299999,0.31129998,0.60952,7452976000.0,10.68,11.753,1.863
5274.KL,0.0322,0.90050006,0.37335998,455095000.0,25.76,5.222,0.212
1082.KL,0.0271,0.1917,0.60326,161573000.0,7.30,10.932,2.461
3301.KL,0.0641,0.5884,0.12049,345721000.0,9.63,14.776,0.924
0041.KL,,0.0,-6.27775,-132847103.0,-,-7.285,0.014
5291.KL,0.0165,0.3953,0.10090999,-265000.0,17.43,5.133,0.025
0228.KL,0.039,0.6261,0.16497,11776999.0,17.11,7.854,0.024
0185.KL,0.0115,0.2507,0.1389,-1364227.0,20.27,7.553,0.031
5062.KL,,0.0,0.13548,20590362.0,24.23,1.115,0.008
7013.KL,,0.0,-0.0032,14523880.0,26.14,3.767,0.003
5000.KL,,0.0,0.097729996,684000.0,19.58,15.068,0.084
5024.KL,0.056700002,0.9238,0.13161999,18615321.0,16.16,24.380,0.033
8478.KL,,0.0,-0.07802,-8210665.0,-,-30.021,-0.078
4251.KL,0.0074,0.0,0.042179998,-4717000.0,12.41,2.310,0.023
5084.KL,0.0342,0.2339,0.22752,12192698.0,7.27,9.889,0.056
5255.KL,,0.0,0.02636,114469773.0,1.79,42.208,0.062
9113.KL,,0.0,-0.18548,-4174000.0,-,-15.956,-0.044
03038.KL,,0.0,0.09243,-21145692.0,22.88,15.750,0.010
03030.KL,0.01,0.3125,0.39186,1341987.0,74.91,28.291,0.003
9687.KL,0.0049,0.0,0.10929,-24048283.0,25.93,6.406,0.079
0023.KL,,0.0,0.01745,2241814.0,103.45,1.576,-0.007
5606.KL,0.0626,0.192,0.4675,357726000.0,12.38,6.073,0.118
5299.KL,0.0653,1.3256,0.5003,113533000.0,19.22,2.619,0.027
5227.KL,0.056399997,0.90139997,0.66589,424373000.0,14.65,10.531,0.111
5225.KL,0.0179,0.28959998,0.15074,1951396000.0,24.62,7.704,0.170
3336.KL,0.0323,0.936,0.1904,904959000.0,27.75,2.119,0.045
5614.KL,,0.0,0.04295,-3918510.0,10.85,5.217,0.001
7222.KL,0.0062,5.6452003,0.05263,-973478.0,251.56,1.237,0.022
7243.KL,,0.0,-0.06961,700691.0,-,-27.870,-0.054
0166.KL,0.0276,0.9989,0.21278,394097000.0,32.71,12.669,0.087
2607.KL,,0.0,-0.70537,-1154000.0,-,-1.814,-0.028
9393.KL,,0.0,-0.17374,-30005132.0,-,-12.111,-0.018
0253.KL,0.028499998,0.44189999,0.2321,5786000.0,10.93,47.312,0.037
0265.KL,,0.0,0.19258,46710000.0,-,-,0.073
7240.KL,,0.0,-0.66269994,-14888328.0,-,-33.382,-0.063
5178.KL,,0.0,0.32209,27784777.0,4.76,23.496,0.021
5295.KL,0.0674,1.3274001,0.14006,34246000.0,19.42,11.192,0.030
0147.KL,,0.0,-0.03895,4777083.0,-,-9.934,-0.001
6262.KL,0.072,1.6515,0.23758,92767708.0,14.23,13.435,0.173
3379.KL,0.028399998,0.0765,-0.02323,-34995000.0,4.92,5.411,0.185
0192.KL,0.0481,0.2874,0.03918,-10165202.0,9.96,9.021,0.018
1961.KL,0.0251,0.77989995,0.14066,1458400000.0,22.74,10.004,0.179
5249.KL,0.0301,0.1519,0.49219,-827674000.0,6.28,6.518,0.253
5107.KL,,0.0,0.057979997,1737926.0,9.38,6.439,0.081
7183.KL,,0.0,-0.046329997,795000.0,20.00,0.266,0.004
8834.KL,,0.0,-9.08772,18125055.0,1.41,277.287,0.354
0010.KL,,0.0,0.09423,19219000.0,8.84,8.634,0.007
1589.KL,,0.0,-0.025039999,-295000.0,-,-3.773,-0.035
5309.KL,0.0044,0.14840001,0.55474,-1453000.0,13.65,29.924,0.201
5175.KL,,0.0,4.78272,14592000.0,-,-79.496,-0.256
7043.KL,,0.0,-0.73998,-42635069.0,-,-17.272,-0.128
7223.KL,,0.0,-0.32584998,5173914.0,-,-11.413,-0.010
0024.KL,,0.0,0.0477,13417222.0,37.59,2.353,0.015
4723.KL,,0.0,-0.55253,-221265470.0,8.64,3.558,0.026
8648.KL,,0.0,-0.05356,303279.0,-,-1.527,0.000
4383.KL,0.0364,0.3091,0.24341999,301496000.0,5.13,11.588,0.159
7152.KL,0.083900005,0.939,0.12673001,20152000.0,8.72,11.797,0.080
0058.KL,0.0375,0.2689,0.63102,-3888823.0,6.77,8.090,0.179
5161.KL,,0.0,-0.2917,-126569000.0,-,-16.437,-0.042
5673.KL,,0.0,-0.56167,-53647000.0,-,-4.836,-0.014
0146.KL,0.0092,0.70419997,0.22025,2419000.0,75.69,9.297,0.013
0127.KL,,0.0,0.06718,-17583096.0,45.15,3.668,0.039
8923.KL,,0.0,-3.12467,-15638521.0,-,-19.705,-0.069
03040.KL,,0.0,0.10658,-4236352.0,12.44,13.566,0.034
6769.KL,,0.0,0.34248,75745000.0,9.31,4.761,0.011
7096.KL,,0.0,-1.68461,-10273000.0,-,-6.994,-0.013
3441.KL,,0.0,-1.47741,-94533000.0,-,-16.427,-0.010
5192.KL,,0.0,-0.01212,-3822461.0,-,-0.856,0.011
8672.KL,,0.0,-0.04127,22314473.0,-,-2.272,-0.026
0170.KL,,0.0,-0.18569,-134894574.0,-,-4.359,-0.344
5247.KL,0.0179,0.0,0.042150002,-35029000.0,60.80,2.243,0.010
0054.KL,0.02,0.33330002,0.041050002,20682782.0,19.55,3.682,0.013
7216.KL,0.02,0.3987,0.08331,26337129.0,19.88,8.450,0.107
3476.KL,0.033299997,0.1511,0.080570005,237706000.0,7.00,8.754,0.561
7199.KL,0.014400001,0.0732,0.08748,20745271.0,6.69,14.789,0.205
0193.KL,,0.0,0.05187,-6169579.0,139.34,5.387,0.001
0151.KL,0.02,0.2352,0.06334,-8829000.0,14.32,28.941,0.087
7323.KL,,0.0,0.28598,13723000.0,17.21,1.707,0.016
6483.KL,0.0686,0.939,0.0802,-353709000.0,14.16,4.576,0.075
7161.KL,0.0615,0.639,0.12997,89219432.0,13.38,10.078,0.092
7077.KL,0.0366,0.2991,0.31572,142437000.0,7.81,22.137,0.099
9334.KL,0.0099,,-0.01372,-51053000.0,-,-1.651,0.039
0036.KL,,0.0,-0.48658,-106771.0,-,-16.277,-0.006
0143.KL,,0.0,-0.3183,-4795300.0,-,-16.295,-0.004
6203.KL,,0.0,0.04853,-3791056.0,13.20,-877.763,0.012
7062.KL,0.0305,0.4042,0.02643,13000000.0,12.96,4.117,0.430
6211.KL,,0.0,-0.04156,-1002121.0,-,-2.237,-0.012
5371.KL,,0.0,-0.08365,-19287000.0,-,-8.596,-0.241
0210.KL,0.0343,0.0,0.03115,5330713.0,36.66,2.375,0.013
5027.KL,0.0538,0.6536,0.14021,149194929.0,11.40,18.019,0.168
0180.KL,,0.0,0.05207,31083089.0,7.18,13.217,0.032
5171.KL,0.0121,,0.01234,30604228.0,-,-1.329,-0.020
5280.KL,0.0787,0.62560004,0.61091,55448000.0,-,-,-
9466.KL,0.042600002,0.8264,0.10606,41176696.0,19.81,5.349,0.041
5235SS.KL,0.051799998,0.8503,0.64485,1019899000.0,15.02,6.275,0.434
2453.KL,0.0026,,0.25507,10838498.0,12.38,2.814,0.313
7164.KL,,0.0,0.040700004,174351000.0,-,-55.800,0.024
5035.KL,,0.0,0.0011,-21557000.0,-,-1.619,-0.023
6971.KL,0.016,0.24530001,0.12222,-87190272.0,20.11,7.539,0.088
7017.KL,,0.0,-0.04601,-17550000.0,-,-2.844,-0.008
0111.KL,,0.0,0.00593,-4276601.0,81.63,1.424,0.000
4847.KL,,0.0,0.07121,3043000.0,29.70,0.000,-0.024
7153.KL,0.109799996,,-0.024719998,-21983000.0,-,-0.171,0.062
0002.KL,0.056399997,0.5628,0.27362,56233000.0,12.07,25.323,0.441
5878.KL,0.028099999,0.5567,0.14045,225591000.0,23.73,9.908,0.039
9121.KL,,0.0,0.01799,-3493827.0,6.50,4.119,0.107
1996.KL,0.0348,0.97089994,0.06467,123132000.0,28.54,5.772,0.047
0176.KL,,0.0,0.08509,-8326554.0,14.91,5.916,0.028
5038.KL,,0.0,0.36013,116147894.0,3.48,9.379,0.176
2445.KL,0.0467,0.91410005,0.08753,1403918000.0,19.84,8.440,2.009
6874.KL,0.0357,0.2467,0.05659,23726000.0,8.89,6.693,0.061
2186.KL,0.0075,,0.77191,-1174804.0,15.18,3.100,0.090
6491.KL,0.05,0.48470002,0.14837,1411000.0,9.97,5.743,0.229
7033.KL,0.0339,0.4594,0.30547002,7250015.0,13.30,6.415,0.076
9083.KL,,0.0,-0.015149999,-1879529.0,-,-11.997,-0.032
5310.KL,0.0152,0.0,0.06881,74841610.0,7.76,13.584,0.095
5843.KL,0.0986,0.3744,0.04484,83096000.0,5.93,6.116,0.136
8362.KL,,0.0,0.0191,-2728000.0,4.58,15.480,0.059
0268.KL,0.0111,0.0,0.15596,973000.0,14.91,-,0.026
7179.KL,0.0465,0.4096,0.27547002,112853457.0,8.08,15.164,0.181
0018.KL,,0.0,-4.51295,-1407130.0,-,-30.487,-0.375
3174.KL,0.0462,0.5747,0.18747,-7777000.0,14.50,2.282,0.009
1643.KL,,0.0,-0.80363,-6781000.0,-,-2.219,-0.064
9385.KL,0.0107,0.078099996,0.04777,74198261.0,7.29,6.255,0.038
9326.KL,0.048499998,0.3561,0.05752,87124000.0,5.67,10.275,0.089
8494.KL,0.0385,3.637,0.0431,-2185307.0,86.06,0.428,0.005
5789.KL,0.0434,0.324,0.17274,358521378.0,8.10,6.925,0.069
9881.KL,0.031600002,0.0,0.00103,51414642.0,13.61,2.574,0.048
9628.KL,,0.0,0.02871,1455920.0,"1,039.47",0.088,0.001
8079.KL,0.0461,0.5573,0.11806,13253000.0,12.12,15.164,0.067
0266.KL,,0.0,-0.054619998,-97165000.0,-,-8.517,-0.006
5232.KL,0.026300002,0.8333,0.03627,12384460.0,13.47,2.495,0.087
6633.KL,0.0327,0.26790002,0.056220002,329387000.0,8.11,12.268,0.060
7170.KL,,0.0,0.08177,-7248564.0,79.74,2.715,0.001
0249.KL,0.0167,0.5394,0.43092,12004000.0,43.60,13.960,0.028
3573.KL,,0.0,-0.69098,302000.0,-,-7.112,-0.103
7089.KL,0.0608,0.4029,0.13103,110431587.0,7.09,13.790,0.139
03047.KL,0.0119,0.2467,0.31415,45485950.0,6.17,68.627,0.118
4235.KL,,0.0,-0.16946,-564641000.0,-,-20.155,-0.458
8486.KL,,0.0,0.01235,-81893000.0,31.72,0.403,0.003
0182.KL,,0.0,-0.25367,-39289000.0,-,-17.534,0.010
5284.KL,,0.0,-0.17813,-4702360000.0,-,-9.937,-0.321
8303.KL,,0.0,0.03271,9294125.0,127.19,3.252,0.003
8621.KL,0.053200003,0.8078,0.32597,915209000.0,15.47,13.954,0.694
7085.KL,,0.0,0.06197,35333241.0,12.87,8.013,0.144
5068.KL,,0.0,-0.06341,-8101395.0,-,-6.776,-0.006
5143.KL,0.0337,0.7605,0.068,81505731.0,17.86,5.455,0.043
0075.KL,,0.0,0.04532,2459000.0,-,-42.942,-0.035
9199.KL,0.027999999,0.1376,0.12782,13134451.0,9.44,5.384,0.171
0103.KL,,0.0,-0.61842996,-26489567.0,-,-8.708,-0.029
1198.KL,,0.0,-0.043870002,-47956000.0,-,-0.184,-0.003
0095.KL,,0.0,0.24482,-16025000.0,9.17,4.683,0.022
7617.KL,,0.0,0.094510004,-18222974.0,-,-1.459,0.116
7087.KL,0.0563,0.3748,0.09357,48835597.0,8.58,12.933,0.220
3859.KL,0.049099997,0.615,0.09997,169673000.0,13.76,4.889,0.070
8583.KL,0.033299997,0.33080003,0.13457,639378000.0,11.08,4.878,0.065
8141.KL,,0.0,-0.48695,17773443.0,-,-1.817,-0.046
5264.KL,0.0504,,0.0545,-241649000.0,-,-5.086,0.052
1155.KL,0.066,0.7598,0.49292,8256940000.0,11.88,10.216,0.688
3794.KL,0.0163,0.0,0.109519996,169716000.0,42.41,2.713,0.090
3662.KL,0.048,0.42610002,0.02549,-129622000.0,6.39,7.517,0.142
3891.KL,,0.0,-0.05646,33595000.0,-,-2.550,-0.004
5014.KL,0.0055,0.14310001,0.44217,899978000.0,26.65,6.159,0.078
1171.KL,0.1164,1.4613,0.51206,936416000.0,12.37,4.848,0.064
5186.KL,0.0278,,-0.15961,95318000.0,-,-22.333,0.042
5916.KL,0.0633,0.5036,0.07551,225219000.0,16.04,8.223,0.234
5098.KL,,0.0,0.01995,-80569000.0,42.54,0.750,0.024
5077.KL,,0.0,0.16420999,104838000.0,11.64,5.115,0.093
0155.KL,,0.0,-1.62052,-1273775.0,-,-44.633,-0.112
3867.KL,0.0127,0.5207,0.05242,-38042000.0,90.19,3.055,0.308
1651.KL,0.0215,,0.0574,-19024000.0,36.28,1.245,0.015
4936.KL,,0.0,0.49123,325039.0,35.18,1.580,0.036
6181.KL,,0.0,0.03937,252223000.0,-,-8.805,-0.160
0156.KL,,0.0,-0.58273,-14831581.0,-,-16.481,-0.012
03015.KL,,0.0,0.025209999,1644664.0,-,11.363,0.004
1058.KL,0.0361,0.0,0.04597,20171000.0,8.73,4.351,0.089
3514.KL,0.3158,2.1858,0.20858999,19712400.0,10.41,8.741,0.019
5078.KL,,0.0,0.22367,81490000.0,3.76,38.960,0.066
7029.KL,0.0392,0.2733,0.16162,20912000.0,6.04,16.699,0.400
0189.KL,0.024400001,1.1579,0.04188,4967241.0,81.08,1.106,0.001
5236.KL,0.0671,0.39099997,0.2182,208967000.0,5.88,11.320,0.197
03019.KL,,0.0,0.118,4021466.0,400.00,0.729,-0.002
4022.KL,0.0513,0.3125,0.17376,64218000.0,6.21,8.756,0.053
6012.KL,0.0396,1.2179,0.19628,1583000000.0,27.56,19.083,0.151
5983.KL,0.0325,0.28370002,0.00819,42636000.0,5.91,12.157,0.717
7004.KL,0.0318,0.0,0.13688,-6850359.0,6.31,15.508,0.146
0167.KL,,0.0,-0.10904,2159102.0,-,-15.403,-0.015
03022.KL,,0.0,-1.43241,-1051232.0,-,-268.177,-0.011
5182.KL,,0.0,0.095,-131243203.0,11.78,3.580,0.000
5090.KL,0.0434,,-0.013710001,6017000.0,-,-,-
4502.KL,0.0341,0.2868,0.07972,49786000.0,11.02,6.494,0.050
3069.KL,0.0235,0.1884,0.35841,394695000.0,8.55,13.922,0.420
5129.KL,0.0182,0.0714,0.22885999,-53932923.0,3.75,6.860,0.164
3778.KL,,0.0,-0.01521,5475227.0,-,-1.828,-0.047
1694.KL,,0.0,0.65072,103010000.0,21.68,4.674,0.034
5223.KL,,0.0,-0.8791,707247.0,-,-11.364,-0.251
8192.KL,,0.0,-0.03706,-8206498.0,-,-9.893,-0.131
5040.KL,,0.0,4.75639,-22269000.0,-,-10.442,-0.058
7234.KL,,0.0,0.119540006,29285000.0,5.35,13.621,0.091
5011.KL,0.0388,0.8961,0.01084,7186000.0,22.40,3.188,0.108
0207.KL,0.0029,0.125,0.13157,-7152281.0,40.73,11.206,0.009
2097.KL,,0.0,0.37284002,-11010903.0,52.90,4.338,0.004
03005.KL,0.0111,0.8148,0.19912,4672596.0,69.08,16.939,0.008
6149.KL,0.047199998,0.4754,0.02318,81233551.0,10.15,3.631,0.142
0043.KL,,0.0,-0.27034,68235636.0,-,-6.892,-0.007
7595.KL,0.0072000003,0.0938,0.06666,-6630083.0,12.96,6.100,0.026
5026.KL,0.033,0.4225,0.07836,68523403.0,12.69,4.607,0.176
5286.KL,0.0234,0.4043,0.19093001,69412559.0,22.26,6.318,0.077
0126.KL,,,0.11873999,-13480583.0,43.44,10.464,0.024
5001.KL,,0.0,-0.18746,21797000.0,-,-8.777,-0.034
0112.KL,0.0021,0.0685,0.06331,1543620.0,32.76,3.154,0.006
7935.KL,,0.0,-0.13512,-3527098.0,"4,230.77",0.075,0.013
5166.KL,,0.0,0.059320003,7890000.0,26.97,3.186,0.003
7219.KL,,0.0,-0.039330002,-44149276.0,-,-9.902,-0.009
5576.KL,,0.0,0.07176,14602000.0,17.80,1.511,0.021
3816.KL,0.0508,0.582,0.22758,748561000.0,12.66,6.649,0.408
9571.KL,0.0182,0.1488,0.116809994,24122364.0,8.01,3.778,0.009
8893.KL,,0.0,0.14581001,39079000.0,21.06,1.060,0.011
6114.KL,0.0286,0.32709998,0.12517,219480751.0,11.29,3.884,0.195
0085.KL,,0.0,-0.35248002,-19514916.0,-,-5.535,-0.005
0034.KL,,0.0,-0.14850001,-17115024.0,-,-24.159,-0.038
03027.KL,,0.0,0.24102,9083907.0,61.88,15.591,0.008
0113.KL,0.0377,2.4096,0.04541,12370937.0,63.63,2.348,0.045
0245.KL,,0.0,0.08469,-3785128.0,17.87,14.508,0.016
6459.KL,0.038,0.0921,0.07013,-168376000.0,4.49,7.920,0.153
0229.KL,,0.0,0.14597,7178652.0,18.01,10.559,0.017
5237.KL,0.4286,9.434,0.84959,-198303000.0,3.33,1.734,0.280
0070.KL,,0.0,-0.97456,-12651571.0,-,-11.799,0.002
5296.KL,0.0166,0.42200002,0.18155001,225857000.0,27.34,35.606,0.050
5202.KL,,0.0,-0.05171,-23832000.0,-,-11.238,-0.254
0213.KL,0.0698,0.7126,0.22217,25716629.0,9.97,14.455,0.044
0092.KL,,0.0,-0.13773,-35900261.0,-,-13.817,-0.012
5152.KL,,0.0,0.096099995,36177944.0,2.16,29.253,0.260
3883.KL,0.0286,,-0.027209999,-57002000.0,-,-3.477,-0.036
5085.KL,,0.0,-0.0115600005,-32645000.0,-,-3.303,0.012
5703.KL,,0.0,0.00577,77680000.0,-,-0.979,-0.028
3913.KL,0.0513,0.35970002,0.1539,6553000.0,3.96,10.924,0.048
3905.KL,,0.0,0.06429,-270699000.0,-,-0.514,0.273
9539.KL,,0.0,0.35949,8176720.0,6.80,5.437,0.076
0138.KL,0.0179,0.21370001,0.60495,-230788000.0,12.99,23.748,0.054
5087.KL,,,-0.00497,16044205.0,-,-2.497,-0.038
5275.KL,,0.0,-0.00049,18753000.0,-,-5.114,-0.029
7692.KL,,0.0,0.14575,-1633241.0,67.75,3.032,0.005
0108.KL,0.044,0.3448,0.13251,27583750.0,16.72,5.729,0.032
5073.KL,,0.0,-0.03243,14156000.0,27.62,1.230,0.050
0270.KL,0.0112,0.0,0.13494,2730219.0,34.81,27.061,0.041
0056.KL,,0.0,0.26632,16044536.0,11.74,8.188,0.032
2038.KL,0.018099999,0.2439,0.10423,34047370.0,13.62,2.949,0.395
0235.KL,,0.0,-0.022939999,-82911580.0,-,-13.902,-0.024
4707.KL,0.026199998,0.9836,0.12829,199307000.0,48.96,86.910,2.645
0020.KL,,0.0,-1.00729,-6805382.0,-,-12.894,-0.019
7060.KL,0.0619,0.26569998,0.16061,49347000.0,6.19,7.723,0.323
0096.KL,,0.0,-0.45837003,5543613.0,-,-19.447,-0.035
7241.KL,,0.0,0.57409,-49974127.0,55.81,5.012,0.014
7215.KL,,0.0,-0.17785,-7315000.0,-,-7.094,-0.010
7139.KL,,0.0,-0.21986,-17257848.0,-,-10.763,-0.007
0083.KL,,0.0,-0.11372,7625000.0,31.49,1.285,0.018
0026.KL,,0.0,-0.50101,-7907192.0,-,-30.431,-0.010
03006.KL,0.0109,0.0,0.31865,457428.0,-,19.435,0.008
0201.KL,0.0292,0.5097,0.39185002,2458583.0,15.72,14.536,0.047
03045.KL,,0.0,-0.13108,-291066.0,-,-2.588,-0.001
5047.KL,,0.0,0.05209,-42099000.0,-,-0.639,-0.014
5066.KL,0.078,,0.010199999,-26398074.0,-,-1.141,-0.005
5025.KL,,0.0,-1.2031701,-6273366.0,-,-12.250,-0.010
4944.KL,,0.0,-8.360189,-1704000.0,-,-6.826,-0.008
5533.KL,,0.0,0.01573,-350000.0,23.40,1.859,-0.035
0220.KL,,0.0,0.04894,-6463018.0,29.08,4.787,-0.003
0049.KL,0.0328,0.45450002,0.09741,-1043441.0,13.63,4.885,0.025
0172.KL,,0.0,0.13248,-56541000.0,12.09,5.473,0.031
7071.KL,,0.0,0.01894,-57999036.0,-,-3.549,-0.009
7140.KL,0.0652,1.6423,0.04398,-2179065.0,24.29,3.538,0.045
3018.KL,,0.0,-0.065170005,7357000.0,9.13,11.000,0.068
5298.KL,0.030299999,0.19409999,0.10403,156995000.0,-,-,-
9008.KL,,0.0,-0.46383,5758098.0,1.49,-23.214,0.236
5079.KL,,0.0,-4.9615498,-2265037.0,-,-149.381,0.000
03041.KL,0.05,0.24040002,-0.045879997,1230037.0,-,-3.076,0.014
5260.KL,,0.0,0.19434999,25679245.0,19.76,5.695,0.027
0035.KL,,0.0,0.13545999,14190198.0,23.17,5.613,0.018
0040.KL,0.0507,0.5861,0.18632,8107259.0,12.10,14.750,0.026
0275.KL,0.0101,0.0,0.46231997,4711604.0,-,-,0.041
0222.KL,0.0701,1.1008999,0.21019,15938000.0,32.36,24.913,0.022
0252.KL,,0.0,0.041050002,7727176.0,-,-2.330,-0.004
7107.KL,0.0297,0.34759998,0.06398,5024496.0,13.57,9.031,0.080
4006.KL,0.0785,0.7924,0.12117,286722000.0,12.58,4.348,0.803
5827.KL,0.040999997,0.3762,0.18933001,-15379000.0,9.10,9.228,0.168
5065.KL,0.011,,0.0074,-7732000.0,-,-0.278,0.033
5053.KL,0.049200002,0.256,0.14837,-329034000.0,5.19,8.440,0.207
0053.KL,0.035099998,0.1345,0.86335,588856.0,3.53,12.865,0.097
0153.KL,,0.0,-0.11768,-14681084.0,-,-4.569,-0.002
7225.KL,0.081599995,0.2033,0.09694,-35424475.0,11.18,12.479,0.022
7095.KL,0.0166,0.28170002,0.06689,-24364962.0,16.40,12.661,0.182
6009.KL,0.049000002,4.4898,-0.047670003,10069000.0,68.17,1.253,0.201
7052.KL,0.0253,0.3387,0.15970999,457504000.0,11.67,23.063,0.338
4081.KL,0.0136,0.20979999,-0.03387,-7957000.0,5.32,11.969,0.039
1287.KL,,0.0,-0.029860001,-169000.0,-,-2.185,-0.001
3719.KL,0.0637,0.5646,0.07755,72541000.0,13.09,11.194,1.319
8419.KL,0.0052,0.0,0.030030001,-63930860.0,35.26,7.930,0.010
5125.KL,0.0678,0.428,0.16148001,62143833.0,6.31,14.231,0.140
5022.KL,,0.0,0.00093000004,3333029.0,-,-0.050,0.000
0242.KL,,0.0,0.27106002,-63025610.0,37.78,8.187,0.017
3611.KL,,0.0,-0.121709995,-32912348.0,97.29,0.556,0.005
9407.KL,,0.0,-0.07205,-5669285.0,-,-12.339,-0.068
1724.KL,0.0631,0.46080002,0.26116,163342000.0,7.45,4.975,0.096
5657.KL,,0.0,0.10094,239978000.0,-,-2.220,-0.105
2682.KL,,0.0,-0.04163,-7613116.0,16.93,1.615,0.009
0022.KL,,0.0,-0.04402,-11946552.0,-,-17.738,-0.027
6912.KL,,0.0,-0.26326,10869573.0,-,0.483,-0.039
0177.KL,,0.0,-0.02221,-41095530.0,-,-8.566,-0.308
5212.KL,0.0713,0.90379995,0.57939,361692000.0,9.05,9.592,0.130
5041.KL,0.075,0.1391,0.09819,61642000.0,4.35,7.218,0.233
6068.KL,0.025,0.0,0.0049900003,-19837000.0,41.62,-3.099,0.075
6254.KL,,0.0,-0.34412998,-16568000.0,-,-7.039,-0.011
5271.KL,0.019299999,0.46220002,0.21372999,-571000.0,25.26,17.584,0.047
4464.KL,,0.0,-0.35119,-7141000.0,-,-3.972,0.000
0233.KL,0.0215,0.0,0.08814,-20519956.0,27.63,8.592,0.016
5231.KL,,0.0,0.1003,17645000.0,7.84,13.387,0.095
9997.KL,0.0195,0.2854,0.0060900003,-38844097.0,-,-2.119,-0.024
7160.KL,0.0039,0.0,0.20637,-12913923.0,43.62,14.183,0.116
8346.KL,,0.0,0.36380002,71533000.0,1.88,18.837,0.134
0186.KL,0.0238,0.36189997,0.54194,-70739842.0,15.28,10.500,0.086
7108.KL,,0.0,0.20028,62240000.0,18.34,5.440,0.005
7080.KL,,0.0,-0.36987,-4647429.0,-,-7.824,-0.011
8532.KL,,0.0,-2.75087,4139000.0,-,-17.539,-0.086
5436.KL,0.0287,,0.01824,211222000.0,-,-0.348,0.298
8311.KL,,0.0,0.029560002,44155768.0,-,-1.685,-0.009
5219.KL,,0.0,-0.30906,-160576000.0,-,-40.766,-0.262
0171.KL,,0.5607,0.02397,6133876.0,16.71,3.943,0.013
5133.KL,0.1304,0.3774,0.08189999,57143000.0,6.94,11.350,0.041
3042.KL,0.0543,0.42369998,-0.0023,-54984000.0,-,17.668,0.037
5183.KL,0.0223,0.91110003,0.13003999,6168000000.0,16.22,9.067,0.790
5681.KL,0.0322,0.71709996,0.038510002,1560015000.0,22.70,17.501,0.782
6033.KL,0.038,0.8147,0.35638002,1757096000.0,19.36,13.289,0.832
8117.KL,0.0163,0.1634,0.15419,-3505018.0,17.59,7.992,0.068
7081.KL,0.1568,,-0.14519,-219973000.0,-,-470.085,-0.464
5622.KL,,0.0,0.0,-1083173.0,359.90,0.394,0.001
0006.KL,,0.0,-0.059809998,-1452843.0,-,-14.502,-0.059
1902.KL,0.0833,,-17.32749,-8351646.0,-,-5.865,-0.074
9598.KL,0.0311,,-0.008719999,8748293.0,-,-0.529,-0.013
7163.KL,,0.0,-0.01668,36000.0,52.63,5.599,0.004
7055.KL,,0.0,0.1765,17391647.0,-,3.487,-0.108
5075.KL,0.026500002,0.2688,0.14574,-90138000.0,9.58,2.729,0.115
9695.KL,,0.0,-0.09871,32248000.0,-,-11.806,-0.079
7172.KL,,0.0,0.07115,-11110000.0,159.63,4.367,0.072
6637.KL,,0.0,-0.23285,2832998.0,-,-19.996,-0.022
7088.KL,0.0698,0.6036,0.0941,117806886.0,6.08,11.139,0.317
5080.KL,0.0156,0.092,0.0785,73297191.0,3.44,14.516,0.225
03031.KL,0.042,0.19559999,0.34245,431844.0,4.97,31.923,0.080
4634.KL,,0.0,-0.05461,9292000.0,-,-27.198,-0.214
7237.KL,0.0404,0.59610003,0.15119,14755654.0,14.94,19.642,0.136
0217.KL,0.024,0.0,0.05975,4218220.0,21.92,9.260,0.012
4065.KL,0.025799999,0.3197,0.03013,8109000.0,12.69,6.786,1.544
8869.KL,0.0149,0.4947,0.11545,1405159000.0,34.51,18.916,0.172
9873.KL,0.0241,,-0.01625,111113000.0,-,-0.682,0.042
7168.KL,,0.0,0.12886,23839000.0,5.29,10.141,0.045
7123.KL,,0.0,-0.25058,-34689001.0,-,-4.259,0.015
0123.KL,,0.0,0.04844,-4275264.0,20.54,5.772,-0.001
7201.KL,,0.0,0.03374,13007460.0,-,-14.484,-0.015
8966.KL,,0.0,0.16686001,-27112000.0,3.44,10.510,0.033
0091.KL,,,,-15490000.0,13.47,9.657,0.013
5070.KL,,0.0,-0.00678,59044000.0,-,-9.672,-0.061
0260.KL,,0.0,0.07263,-13553679.0,7.20,-,0.077
7010.KL,,0.0,0.05584,-27049304.0,60.67,1.895,0.018
1295.KL,0.044299997,0.4971,0.67910004,8977128000.0,12.20,12.962,0.315
8273.KL,0.0036000002,0.0174,0.2194,27952000.0,4.59,11.237,0.145
0007.KL,,0.0,-3.78874,-36126424.0,-,-24.728,-0.033
6807.KL,,0.0,0.25384,56388000.0,-,-1.797,-0.036
7134.KL,0.0563,0.8711,-0.02457,37784478.0,7.87,7.264,0.073
0196.KL,0.0092,0.15630001,0.13532,-1608000.0,18.18,17.086,0.032
7084.KL,0.019199999,0.48540002,0.09106,379251000.0,37.40,13.339,0.143
7544.KL,,0.0,-0.02468,6886000.0,-,-7.906,-0.039
0202.KL,0.030299999,0.38169998,0.0937,9249937.0,24.98,9.656,0.014
7498.KL,,0.0,-0.0504,932574.0,-,-4.905,-0.021
0236.KL,,0.0,0.21778,-6248000.0,15.91,10.944,0.017
5272.KL,0.0615,0.4969,-0.00124,70096000.0,7.94,14.402,0.074
7765.KL,,0.0,0.30552998,6277000.0,"1,490.00",1.068,0.032
03052.KL,,0.0,-0.024719998,-12299855.0,-,-6.113,-0.010
9296.KL,0.0581,0.616,0.87495005,-11987793.0,13.18,17.259,0.189
5256.KL,,0.0,-0.67728996,-23954000.0,-,-43.519,-0.143
03002.KL,,0.0,-0.17469999,33452.0,-,-144.708,-0.008
03036.KL,0.035,0.4397,0.20521,3347473.0,7.66,23.468,0.026
0032.KL,0.036199998,0.2347,0.27432,53193000.0,8.51,25.604,0.079
0081.KL,,0.0,-3.2576401,-5401006.0,-,-24.685,-0.025
7130.KL,,0.0,0.26728,-106779000.0,17.86,2.967,0.012
0219.KL,,0.0,0.041739997,-219793.0,18.44,7.370,0.037
7232.KL,,,0.02007,-26226000.0,53.73,1.017,0.005
0200.KL,,0.0,-0.68175006,1562060.0,-,-21.623,0.022
9946.KL,,0.0,-0.25077,-4105998.0,-,-38.066,-0.070
0106.KL,0.0494,0.76629996,0.50911,6204569.0,12.85,23.365,0.064
0037.KL,0.0033000002,0.0324,0.098450005,60826395.0,9.86,18.566,0.003
9954.KL,0.024500001,0.0,0.044099998,-6672000.0,142.86,1.206,0.002
1066.KL,0.073699996,0.5525,0.55291003,5439648000.0,7.93,10.590,0.647
5278.KL,0.029000001,0.5051,0.092980005,-6350922.0,17.13,7.702,0.043
7006.KL,0.0152,0.3849,0.047870003,20159000.0,11.18,3.368,0.116
5113.KL,,0.0,-0.05941,38350226.0,-,-8.222,0.000
2542.KL,0.025,0.28219998,0.24662,26426596.0,31.03,1.844,0.217
9741.KL,,0.0,0.09119,-55533476.0,10.22,3.692,0.039
03039.KL,,0.0,0.06899,-195077.0,-,-2.656,0.010
8745.KL,,0.0,0.01245,-377345.0,30.27,4.241,0.004
8664.KL,0.0143,0.49330002,0.15177,1593943000.0,29.39,1.000,0.036
03056.KL,,0.0,0.0,-767847.0,-,-7.171,-0.004
8567.KL,,0.0,-0.119370006,29398000.0,-,-5.389,-0.023
0183.KL,,0.0,-0.35458001,17802000.0,-,-21.577,-0.067
9822.KL,0.0056,0.2208,0.093789995,-255344000.0,29.71,10.781,0.164
0223.KL,0.0041,0.0,0.08569,5461057.0,46.46,10.968,0.025
5147.KL,0.0392,0.90300006,0.02585,119438000.0,17.20,5.864,0.078
03057.KL,,0.0,0.07969,-4656950.0,-,-,0.001
7943.KL,,0.0,-0.79971004,-7432218.0,-,-45.344,-0.080
0133.KL,,0.0,-1.43116,19710888.0,-,-11.280,-0.017
5218.KL,,0.0,0.03164,-129650000.0,-,-256.304,-0.198
7811.KL,0.0694,0.518,0.05012,10539051.0,7.28,7.860,0.124
4596.KL,,0.0,-0.23592,11546000.0,0.67,58.290,0.570
5170.KL,,0.0,-0.05474,-43293000.0,-,-87.664,-0.239
9237.KL,,0.0,-0.15424,-39795526.0,-,-27.464,-0.042
5126.KL,0.0545,0.4002,0.06381,615764000.0,10.27,6.769,0.545
5135.KL,0.0718,0.8056,0.13819,99221737.0,11.44,7.203,0.347
5252.KL,0.027,0.22729999,0.15128,7891000.0,9.14,6.357,0.002
5157.KL,,0.0,-0.059959996,-43243399.0,-,-2.674,-0.005
5207.KL,,0.0,0.055159997,7296000.0,"2,250.00",0.014,-0.001
0109.KL,,0.0,-1.42081,-7178934.0,-,-5.519,-0.002
7239.KL,,0.0,-0.22999,-30519100.0,-,-15.890,-0.050
0158.KL,0.0323,0.9804,0.03821,-7884000.0,31.47,3.120,0.018
7247.KL,0.7091,0.2184,-0.02747,19597087.0,0.33,206.215,1.725
0099.KL,0.0734,0.79370004,0.16760999,41529186.0,12.20,27.911,0.091
4731.KL,0.026700001,0.3114,0.14462,110815000.0,12.63,14.016,0.264
8125.KL,0.021300001,0.184,0.073699996,-41014000.0,16.27,13.674,0.131
7045.KL,,0.0,0.0,-17223000.0,-,-53.678,-0.186
0028.KL,,0.0,0.01018,-20845455.0,180.56,0.421,0.001
0212.KL,0.0186,0.2049,0.11324,27273000.0,9.84,26.345,0.060
7073.KL,,0.0,0.118190005,-9385869.0,20.90,1.066,0.012
4286.KL,,0.0,0.19502,-6433321.0,14.57,3.656,0.040
5145.KL,,0.0,-0.09561,-1332040.0,-,-5.045,-0.040
0203.KL,,0.0,0.00035999998,5211032.0,250.00,0.823,-0.003
0178.KL,,0.0,0.10569999,-817793.0,24.88,7.593,0.002
7053.KL,0.0286,,0.013200001,1746528.0,-,-2.835,-0.022
03009.KL,,,,695014.0,-,-25.411,-0.003
9792.KL,0.0504,0.9217,0.1881,54554000.0,30.28,19.855,0.033
2224.KL,0.0424,0.0,0.11255,-36118000.0,14.21,2.032,0.015
5308.KL,0.041100003,0.0,0.04422,14170000.0,16.53,16.036,0.044
5305.KL,0.0324,0.3738,0.04723,-81798675.0,10.10,9.345,0.040
9431.KL,,0.0,0.40662998,-2303858.0,6.95,28.593,0.038
5213.KL,,0.0,-2.16294,30113000.0,-,-29.674,-0.170
5123.KL,0.0801,1.4988999,0.69257003,97925457.0,18.13,3.745,0.049
5279.KL,,0.0,-2.81563,-295230000.0,-,-102.139,-0.294
5163.KL,,0.0,0.02616,-307032.0,14.23,14.484,0.058
7180.KL,,0.0,-0.00758,6791367.0,936.51,0.598,0.001
0055.KL,,0.0,-1.30069,-22946247.0,-,-69.043,-0.037
0251.KL,0.0044,0.19610001,0.34596002,-715739.0,53.05,22.193,0.015
5517.KL,,0.0,0.09743,37398000.0,-,-1.865,-0.093
7412.KL,,0.0,0.04671,3426757.0,28.01,4.884,0.037
5173.KL,0.0187,0.0664,0.20267999,192913732.0,4.04,16.186,0.162
6017.KL,0.0515,0.4225,0.32834,34816000.0,9.69,6.181,0.225
0241.KL,,0.0,-0.14619,-29777000.0,-,-39.828,-0.041
7246.KL,,0.0,0.07725,1759000.0,20.92,11.586,0.033
0129.KL,,0.0,-0.3209,-8914850.0,-,-36.173,-0.016
4197.KL,0.0588,0.90629995,0.04183,211000000.0,10.19,8.137,0.214
5285.KL,0.0152,0.78699994,0.094790004,1915856000.0,21.63,7.387,0.360
5288.KL,0.028800001,0.47619998,0.17655,1002436000.0,16.24,3.027,0.046
4316.KL,,0.0,0.00228,1609869.0,23.05,2.038,0.036
5172.KL,,0.0,-0.13262999,9058000.0,-,-22.448,-0.009
9776.KL,,0.0,-0.37333,-3816000.0,-,-11.299,-0.037
7115.KL,,0.0,0.18054001,-1071839.0,5.11,13.872,0.114
7155.KL,0.0433,0.6946,0.06091,68443000.0,12.75,14.348,0.090
03008.KL,0.0438,0.9259,0.15484999,4610525.0,21.21,23.966,0.030
7248.KL,0.0588,1.2731,0.12144,15220925.0,18.94,7.007,0.065
03023.KL,0.0054,0.3509,0.05603,-517140.0,66.67,2.073,0.004
7132.KL,,0.0,0.13159999,-262000.0,2.02,25.974,0.438
0117.KL,,0.0,0.19846001,42243000.0,-,54.292,0.004
0169.KL,,0.0,-0.78113997,-3974598.0,-,-18.842,-0.013
03054.KL,0.017,0.0,0.036059998,1134087.0,-,2.391,0.000
0259.KL,0.0385,0.1768,0.043330003,14115447.0,9.06,28.026,0.050
0215.KL,,0.0,0.08307999,-80510000.0,37.55,11.675,0.029
5242.KL,0.0154,0.1604,0.03708,-8583224.0,10.18,5.058,0.019
0093.KL,,0.0,-0.45049,-29824592.0,-,-41.318,-0.090
4375.KL,,0.0,-0.11373,5142822.0,-,-5.131,-0.008
5134.KL,0.0147,0.2483,0.06837,84805000.0,16.84,3.638,0.243
0225.KL,0.0082,0.090500005,0.03562,-54025964.0,14.46,6.536,0.018
0045.KL,0.0513,,0.0,-2623499.0,17.46,35.601,0.011
5665.KL,,0.0,-0.04696,-29553000.0,-,-21.630,-0.237
1562.KL,0.0641,0.6222,0.05914,148831000.0,9.36,22.606,0.165
0216.KL,,0.0,0.03979,-19484829.0,73.73,1.127,0.005
7103.KL,0.025999999,0.3234,0.11091,-63106000.0,12.18,8.651,0.113
6084.KL,0.024400001,1.6128999,-0.0573,16035000.0,66.51,0.697,0.010
03049.KL,0.0196,0.1074,0.14029999,2156000.0,6.59,44.937,0.036
5006.KL,0.0278,,-0.35953,-11651144.0,-,-18.632,-0.215
0080.KL,,0.0,0.0053100004,-18911696.0,21.26,3.182,0.007
6904.KL,,0.0,0.03794,17731000.0,313.65,0.079,0.246
7207.KL,0.0514,0.22780001,0.08915,-23537296.0,8.31,5.563,0.086
2569.KL,0.0061000003,,0.18977,10044518.0,13.47,2.546,0.243
03050.KL,0.0136,0.47169998,0.11046,18024417.0,43.93,15.623,0.024
3743.KL,,0.0,0.12663999,149036000.0,32.87,1.399,0.018
0262.KL,,0.0,0.05909,-2248851.0,22.00,16.268,0.034
5211.KL,0.020299999,0.5324,0.08016,201945000.0,20.22,5.038,0.104
5263.KL,0.028900001,0.5495,0.08811,-242138000.0,18.26,17.298,0.105
5176.KL,0.062,1.021,0.68101,428046000.0,17.51,5.274,0.089
0148.KL,,0.0,0.090909995,-34338753.0,36.18,3.437,0.005
0001.KL,0.026700001,0.5376,0.21094,24624682.0,35.97,8.839,0.040
03033.KL,,0.0,0.12752,-437984.0,63.01,6.382,0.004
7235.KL,0.0225,0.3556,0.0513,17071706.0,47.42,1.583,0.014
7106.KL,0.11310001,,-0.29644,-104973252.0,-,-3.169,-0.057
03018.KL,0.0429,0.4309,0.06315,4596091.0,9.13,11.000,0.068
6521.KL,0.026300002,0.0849,0.32463002,25997000.0,8.78,5.207,0.171
5303.KL,0.0321,0.432,0.11571,102657000.0,10.28,6.230,0.055
7186.KL,,0.0,0.03259,13118819.0,-,0.236,0.010
6139.KL,0.0379,0.3129,0.16779,1326068000.0,3.25,53.553,0.381
9717.KL,,0.0,0.111140005,-8104000.0,48.97,0.578,0.004
7082.KL,0.21540001,,0.44963002,-43495000.0,30.80,4.202,0.010
1538.KL,,0.0,-0.49730998,33338000.0,-,-7.180,-0.109
0050.KL,,0.0,0.089820005,575000.0,-,1.076,-0.017
7228.KL,,0.0,0.12066,-237960718.0,14.08,8.924,0.028
5012.KL,0.1039,0.7597,0.19325,406772410.0,7.27,12.151,0.728
7097.KL,,0.0,-0.06334,-83345000.0,-,-13.772,-0.011
7211.KL,,0.0,0.15397,-21002771.0,26.83,10.252,0.027
2259.KL,,0.0,0.03497,45111000.0,-,-4.021,-0.004
8524.KL,0.0841,2.4,0.29988,83010000.0,28.77,7.081,0.027
5191.KL,0.0633,0.55979997,0.27872,78311559.0,8.06,6.396,0.140
4405.KL,0.0388,,-0.0074699996,42291000.0,-,-2.178,-0.078
2429.KL,,0.0,0.17185,-14004000.0,48.33,9.609,0.011
5149.KL,0.030299999,0.0,0.47254002,-9522649.0,3.64,16.346,0.085
5140.KL,0.0625,0.1276,0.08456001,54875054.0,7.94,14.505,0.114
0211.KL,0.0513,,0.00772,-20236627.0,-,-0.241,0.038
0221.KL,,0.0,-0.014939999,-29250426.0,-,-10.176,-0.005
2054.KL,0.0463,,-0.030299999,4026000.0,-,-2.031,-0.015
5289.KL,0.0112,0.2778,0.06487,1975000.0,21.30,6.672,0.020
2739.KL,,0.0,-0.05243,22095000.0,-,-51.470,0.119
0132.KL,,0.0,-0.13504,-8192718.0,-,-32.479,-0.009
7439.KL,0.0296,0.0349,0.09588,62874735.0,1.95,37.220,0.742
7200.KL,,0.0,0.06813,17757543.0,13.03,3.698,0.028
0230.KL,,0.1967,0.15228,121855013.0,38.49,5.587,0.040
4863.KL,0.0347,0.4783,0.15841,602000000.0,14.38,15.987,0.300
5347.KL,0.043899998,0.8777,0.11038999,949000000.0,19.06,5.202,0.600
9369.KL,0.0403,0.24110001,0.12359,24732211.0,8.76,10.246,0.137
7252.KL,0.0185,0.100200005,0.08562,31347386.0,5.16,16.867,0.074
0089.KL,0.0353,0.11359999,0.34331,-10859744.0,13.36,10.787,0.037
8702.KL,0.2644,,0.024419999,82081000.0,-,-2.330,0.185
0145.KL,,0.0,-1.15464,-649000.0,-,-35.672,-0.008
5112.KL,0.0561,0.7335,0.1282,97289000.0,13.07,4.347,0.068
9075.KL,0.0234,0.4225,0.02638,2471000.0,17.50,5.865,0.065
7034.KL,0.0309,0.2742,0.08595,-38737000.0,9.07,10.625,0.254
0012.KL,0.0309,0.4386,0.04928,-33169000.0,14.48,6.463,0.072
7889.KL,,0.0,-0.116359994,46034000.0,-,-17.040,-0.013
7374.KL,0.066700004,,0.01958,21208000.0,-,-5.033,-0.105
7854.KL,,0.44439998,-0.04009,-560000.0,10.89,6.532,0.080
5031.KL,0.0228,0.7555,0.26783,303805000.0,3.72,8.069,0.246
8397.KL,,0.0,0.13174,62045000.0,13.65,3.358,0.054
5239.KL,,0.0,0.0512,138789354.0,76.25,0.378,0.003
0101.KL,0.0069,0.1228,0.15100001,20114000.0,27.06,4.648,0.023
7230.KL,0.0348,0.1041,0.08999,-36500000.0,2.99,15.904,0.476
7285.KL,0.0256,0.0,1.36214,16498000.0,2.06,66.299,0.197
5010.KL,0.0794,0.78190005,0.055689998,183219000.0,9.93,7.280,0.538
7113.KL,,0.0,-0.19344,-774724000.0,-,-7.997,0.028
03013.KL,0.013300001,0.8621,0.18240999,3655545.0,-,10.914,0.021
5111.KL,0.012999999,,0.4075,12157000.0,0.00,-3.443,-0.063
7173.KL,0.0106,2.5109,0.02219,-15211000.0,214.41,0.500,-0.007
7176.KL,,0.0,0.01633,23239985.0,5.77,22.250,0.024
7218.KL,,0.0,-0.020399999,2803951.0,140.19,1.494,0.027
5054.KL,0.0308,0.1012,0.053600002,-24634000.0,3.20,11.551,0.113
0199.KL,0.040900003,0.35709998,0.051880002,12334109.0,10.71,5.431,0.063
0118.KL,,0.0,0.93588996,-6775726.0,2.92,26.997,0.008
5401.KL,,0.0,-0.15841,-109175000.0,-,-7.142,-0.247
9059.KL,0.10609999,0.42290002,0.09345999,123661000.0,4.03,17.739,0.331
5042.KL,,0.0,-0.21424,7259000.0,32.04,1.016,0.008
0272.KL,,0.0,0.24485001,-8385079.0,48.00,13.739,0.027
5297.KL,,0.0,-0.08212,-21265953.0,-,-36.266,-0.106
5230.KL,,0.0,0.03559,30049000.0,3.38,18.412,-0.046
5167.KL,0.0070999996,0.2017,0.05583,5834625.0,34.29,1.908,0.016
4359.KL,,0.0,0.27412,1064294.0,10.01,3.053,0.018
7079.KL,,0.0,-0.08303001,-25621637.0,-,-0.752,-0.001
7100.KL,0.0954,0.8723,0.59421,114677772.0,11.92,64.273,0.274
03043.KL,0.0111,0.0,0.09263,1135055.0,-,9.561,0.006
0005.KL,,0.0,0.01477,-4967900.0,-,0.353,0.000
1368.KL,0.0374,0.6803,0.0252,80194000.0,19.33,3.101,0.055
5148.KL,0.0058,0.3125,0.20813999,380884000.0,42.84,1.188,0.016
0256.KL,,,0.24781999,7466909.0,28.07,17.836,0.028
7137.KL,0.031600002,0.6682,0.20416,-695062.0,21.48,2.197,0.095
7227.KL,0.0319,0.4702,0.047909997,18314000.0,14.52,4.187,0.125
4588.KL,0.0298,0.2575,0.047259998,695457000.0,8.64,11.660,0.355
03017.KL,,0.2887,-0.21448,-5719232.0,-,-33.461,0.006
7091.KL,0.0323,0.221,0.15654999,15051133.0,7.65,10.315,0.212
0257.KL,0.0222,0.0,0.059699997,-84352.0,30.78,4.182,0.007
5005.KL,0.0247,0.8282,0.11063,-190725000.0,31.75,6.504,0.239
2593.KL,0.0275,0.6339,0.09942,29469000.0,17.24,4.325,0.292
2089.KL,0.103599995,0.7263,0.39354,785575000.0,10.43,23.557,1.451
7133.KL,0.0537,0.35119998,0.22241,48950674.0,8.37,11.504,0.180
0247.KL,0.0107,2.05,0.02096,6416000.0,52.43,2.492,0.010
5200.KL,0.1775,0.9497,0.12185001,467599000.0,15.93,4.681,0.093
5110.KL,0.0727,0.9977,0.69475,82462836.0,12.62,5.866,0.090
7757.KL,0.034,0.4566,0.1107,-4562000.0,13.26,4.879,0.046
5292.KL,,0.3854,0.25070998,-13397888.0,76.52,13.478,0.050
7250.KL,,0.0,0.12461001,28513000.0,7.40,7.535,0.111
6963.KL,0.0201,0.5181,0.059520002,-268463000.0,25.94,6.816,0.043
5243.KL,,0.0,0.090299994,-173836000.0,99.60,0.881,-0.012
4995.KL,,0.0,-0.0025600002,586743.0,-,-0.877,-0.002
0273.KL,,0.0,0.11391,4942236.0,10.84,30.652,0.027
0069.KL,,0.0,-0.92061996,2455942.0,-,-11.945,0.006
0120.KL,0.05,0.404,0.14795999,4617880.0,17.58,9.399,0.048
0097.KL,0.0116,0.3335,0.49327,124884000.0,45.57,20.088,0.194
7070.KL,,0.0,-0.12197,-41177964.0,-,-14.468,-0.094
0232.KL,0.0294,0.2616,0.11338,-8078482.0,28.91,6.106,0.042
0066.KL,,0.0,-1.6403999,-18402260.0,-,-15.090,-0.093
5162.KL,0.0463,0.3388,0.02903,-24003000.0,7.37,16.047,0.167
5142.KL,,0.0,0.07273,129600000.0,44.38,2.770,-0.008
0102.KL,,0.0,-0.46122003,-21813397.0,-,-60.369,-0.030
7203.KL,0.0221,0.45450002,0.018509999,-13613279.0,21.57,2.623,0.041
5016.KL,,0.0,-0.00851,-15747000.0,-,-2.737,-0.177
7226.KL,,0.0,-0.19951001,-26798.0,-,-2.606,-0.010
3565.KL,,0.0,-0.050640002,-554892000.0,23.90,8.173,0.033
9679.KL,0.0089,0.15720001,0.052810002,149428000.0,16.39,1.138,0.091
0197.KL,,0.2083,0.32948002,20201973.0,7.50,11.029,0.036
7231.KL,0.0591,0.6882,0.27228,34061899.0,14.85,35.705,0.067
0271.KL,,0.0,0.03467,14542310.0,244.68,5.519,0.002
5246.KL,0.0495,0.6412,0.45724,653201000.0,14.42,23.419,0.205
5009.KL,,0.0,-0.11545999,-60223000.0,-,-6.293,0.004
0162.KL,,0.0,-0.17165,18728468.0,-,-4.835,-0.002
0008.KL,0.0423,0.5017,0.09389,-18679000.0,11.94,7.513,0.032
6378.KL,,0.0,0.108669996,37442512.0,-,-29.928,-0.016
7050.KL,0.010299999,,0.023570001,2913015.0,69.28,1.516,0.014
7025.KL,,0.0,-0.29737,-2125262.0,-,-8.639,-0.073
4243.KL,0.0319,,-0.05229,1134000.0,-,-3.273,-0.011
5156.KL,,0.0,-0.04698,-36670000.0,-,-2.587,-0.007
5267.KL,,0.0,-0.07871,-4270170.0,-,-9.033,-0.064
7121.KL,,0.0,0.09563,-19482981.0,55.28,3.886,0.001
0165.KL,,0.0,-0.100200005,-24429079.0,-,-56.938,-0.019
0140.KL,,0.0,-0.43026,-20615642.0,-,-21.330,-0.011
0017.KL,,0.0,0.15989,-3364867.0,32.43,9.038,0.000
7003.KL,,0.0,0.24834,69566000.0,24.02,2.028,0.044
7178.KL,0.0311,0.26479998,0.15466,43958000.0,8.51,10.938,0.244
5048.KL,,0.0,-0.65843004,-859313.0,-,-6.208,-0.072
0025.KL,,0.0,0.03178,-10783376.0,146.91,1.515,0.015
5300.KL,0.0353,0.4156,0.08068,5044721.0,12.33,10.271,0.072
0248.KL,,0.0,-0.02465,4343029.0,-,-0.562,-0.003
0086.KL,,0.0,-0.03703,609179.0,-,-2.849,-0.005
7293.KL,0.007900001,0.18290001,0.20139,-2344000000.0,13.09,9.719,0.167
7020.KL,,0.0,-0.0053399997,3660971.0,-,-11.211,-0.013
7014.KL,,0.0,0.08203,-8095000.0,7.74,3.636,0.033
3158.KL,,0.0,0.23087999,24588648.0,-,-2.587,-0.005
7066.KL,,0.0,-0.01471,-48212179.0,-,-8.419,-0.060
5159.KL,0.0425,0.2354,0.19364999,29487000.0,6.50,13.078,0.240
