stock_code,rDY,rPR,rOM,rCF,rPE,rROE,rEPS,rClass
5250,0.027,1.038,0.048,353993000,38.19,51.103,0.06,D
7167,0.046,0.404,0.085,-143040391,12.02,8.475,0.109,C
7086,0.0,0.0,0.043,810389,108.11,0.674,0.0,D
5198,0.0,0.0,0.02,-45692900,0.0,-3.447,-0.012,D
03028,0.057,99.0,-0.0,-5502239,0.0,-0.253,0.0,D
7131,0.0,0.0,0.095,-14948930,62.5,1.337,0.001,D
0218,0.009,0.142,0.028,-1925023,19.7,4.188,0.017,D
0122,0.0,0.0,-2.611,-3856372,0.0,-53.551,-0.05,D
1481,0.007,0.0,-0.031,-36418000,0.0,-6.51,-0.014,D
5281,0.0,0.0,-0.007,97028,0.0,-9.912,-0.048,D
9148,0.0,0.0,-0.061,-330599,0.0,-7.284,-0.022,D
7191,0.0,0.0,-0.254,211408,0.0,-14.218,-0.034,D
7146,0.0,0.0,-0.162,-22628669,0.0,-19.977,-0.01,D
0181,0.0,0.0,-0.303,-42979184,0.0,-8.148,0.02,D
6599,0.036,0.539,0.071,586354000,13.87,5.806,0.079,C
5139,0.041,0.325,0.37,-115593000,8.47,13.608,1.596,C
5185,0.058,16.095,0.197,2256825000,3.98,0.773,0.544,D
7145,0.0,0.0,-0.21,-77911107,0.0,-57.016,0.036,D
0258,0.0,0.0,0.272,3536229,25.14,27.527,0.021,D
7315,0.0,0.0,-2.055,-12924108,0.0,-51.623,-0.027,D
7078,0.0,0.0,-0.14,-10189000,0.0,-47.66,-0.139,D
0209,0.0,0.0,0.145,23797288,29.85,8.879,0.01,D
5238,0.0,0.0,-23.75,415306000,1.31,-122.726,-0.157,D
2658,0.006,0.128,0.054,-63992261,23.3,7.831,0.452,D
7609,0.0,0.0,0.173,3852359,5.83,17.184,0.102,D
5116,0.061,1.12,0.871,88871011,17.52,5.473,0.082,D
5115,0.0,0.0,0.043,-24749481,2.76,0.0,0.014,D
2674,0.031,0.072,0.093,164507000,2.28,21.276,0.577,D
0079,0.0,0.0,0.118,-914274,68.18,2.155,0.0,D
2488,0.059,0.553,0.501,1401089000,8.47,9.422,0.438,C
1163,0.073,0.788,0.164,1057388000,10.99,11.725,1.366,D
03051,0.0,0.0,-2.406,1579748,0.0,-34.611,-0.079,D
5269,0.072,0.267,0.655,50827196,4.28,10.282,0.113,C
5127,0.04,2.739,0.563,47834981,34.19,0.967,0.021,D
5293,0.02,0.162,0.136,-10760365,53.98,15.358,0.0,C
5307,0.057,0.519,0.832,31732382,10.56,0.0,0.101,C
5120,0.081,1.169,0.5,53165736,18.12,1.563,0.021,D
03011,0.019,0.354,0.06,-4111020,37.89,6.979,0.011,D
1015,0.063,0.355,0.53,5844100000,7.15,9.798,0.524,C
7031,0.0,0.0,0.068,-4526841,24.53,3.902,0.021,D
6351,0.038,0.416,0.068,-18521000,11.08,33.379,0.468,C
7083,0.013,0.084,0.185,14131000,7.03,7.106,0.213,D
0048,0.0,0.0,0.06,1613000,0.0,-1.786,-0.001,D
4758,0.008,0.0,0.057,83327000,14.13,17.129,0.076,D
0226,0.0,0.0,-0.111,-17392358,0.0,-29.391,-0.06,D
6556,0.0,0.0,-0.091,-111373000,0.0,-17.162,-0.237,D
5082,0.0,0.0,-0.164,367243,0.0,-76.643,0.765,D
5568,0.0,1.365,0.112,19555366,31.27,5.149,0.077,D
5088,0.0,0.0,0.174,-77077000,34.88,2.043,0.032,D
7090,0.02,0.26,0.105,40146743,4.3,59.649,0.142,A
5015,0.068,0.954,0.027,66992000,13.69,2.208,0.135,D
6432,0.066,0.576,0.153,36984966,11.31,14.543,0.396,C
0119,0.0,0.0,0.09,-3965792,81.3,6.624,0.0,D
7214,0.05,0.329,0.032,11996901,6.17,8.945,0.106,C
7181,0.0,0.0,0.052,-26685000,6.14,4.94,0.015,D
7007,0.0,0.0,-0.08,-1607718,0.0,-5.688,-0.012,D
0038,0.002,0.0,-0.057,-9006042,0.0,-29.584,0.017,D
0068,0.0,0.0,-0.277,-8161220,0.0,-6.326,-0.019,D
7722,0.038,0.517,0.077,4132690,14.46,3.849,0.052,C
7129,0.018,0.1,0.158,55647314,9.72,5.286,0.161,D
0159,0.0,0.0,0.293,-1001284,20.91,15.038,0.01,D
0105,0.0,0.0,-0.082,-27957265,0.0,-5.698,-0.011,D
4057,0.0,0.0,0.112,-3465000,17.69,0.797,0.004,D
7162,0.017,0.157,0.062,-86339000,8.65,6.169,0.098,D
7054,0.0,0.0,-0.431,1442024,0.0,-3.074,-0.006,D
03032,0.0,0.0,0.292,4149285,0.0,10.801,0.018,D
6399,0.087,1.0,0.096,752651000,15.14,15.292,0.049,D
0072,0.0,0.0,-1.366,1830172,0.0,-27.321,-0.014,D
8176,0.0,0.0,-0.422,146769000,0.0,-43.352,-0.212,D
7048,0.014,0.455,0.096,18038000,31.84,5.496,0.086,D
5130,0.051,0.922,0.806,29621319,16.35,6.845,0.096,D
7099,0.0,0.0,0.093,-9054626,5.98,4.606,0.045,D
5302,0.017,0.362,0.106,1392521,22.89,15.398,0.104,D
03037,0.0,0.0,0.058,16893602,0.0,12.51,0.011,D
8885,0.0,0.0,-0.005,3822000,0.0,-2.764,-0.004,D
5204,0.0,0.0,-0.105,-15560000,0.0,-3.461,-0.008,D
7579,0.036,0.368,0.028,49391136,69.63,0.952,0.007,C
6888,0.059,0.0,0.085,-1242499000,2.44,-28.977,1.063,D
5106,0.045,0.933,0.706,228130000,17.98,6.386,0.116,D
7120,0.0,0.0,-0.17,-21209233,0.0,-4.742,-0.021,D
2305,0.027,0.36,0.412,35169000,13.13,7.453,0.472,C
5021,0.025,0.144,0.041,4307000,6.43,6.279,0.096,C
7005,0.0,0.0,0.039,-509511,16.61,6.722,0.042,D
03012,0.008,0.205,0.155,-1449012,27.41,6.639,0.024,D
0098,0.0,0.0,-0.041,10484126,0.0,-9.604,0.007,D
5258,0.032,0.579,0.334,1849055000,9.02,7.478,0.229,C
7251,0.0,0.0,0.025,-30055000,13.58,294.519,0.004,D
1899,0.054,0.655,0.091,1547297000,12.14,8.685,2.981,C
6602,0.0,0.0,0.215,69995237,4.99,4.867,0.061,D
0187,0.0,0.0,-0.1,-51528204,0.0,-6.977,-0.014,D
5190,0.0,0.0,-0.533,24561746,0.0,-11.103,-0.049,D
3239,0.0,0.0,0.207,20366000,0.0,-1.277,-0.009,D
3395,0.0,0.0,0.063,258289000,0.0,-1.91,-0.021,D
5196,0.047,1.854,0.165,252920000,11.65,21.087,0.059,D
4219,0.0,0.0,0.064,78595000,9.09,3.93,0.03,D
5248,0.08,0.475,0.101,102664000,7.87,52.127,0.263,A
9814,0.0,0.0,0.057,-1787759,1.23,15.345,0.062,D
7668,0.039,2.046,0.1,7684589,18.8,5.197,0.054,D
0263,0.033,0.138,0.129,23557113,12.59,0.0,0.036,C
6173,0.015,0.0,0.038,16429000,0.0,-0.1,0.018,D
5932,0.0,0.0,-0.771,16521000,0.0,-87.474,-0.058,D
0195,0.0,0.0,0.089,-3636418,36.57,3.501,0.012,D
6998,0.0,0.0,-1.15,-1038000,0.0,-35.516,-0.061,D
5032,0.024,0.582,0.273,386135000,21.21,6.337,0.278,C
0179,0.0,0.0,-1.595,-19664053,0.0,-32.808,-0.038,D
5069,0.003,0.258,0.015,178456551,56.82,2.486,0.324,D
0168,0.019,0.478,0.066,11451623,25.87,7.763,0.027,D
9288,0.045,0.284,0.202,93728000,6.47,12.549,0.274,C
7036,0.0,0.0,0.561,19558927,0.0,-1.48,-0.001,D
8133,0.0,0.0,-0.023,-34682000,0.0,-37.534,-0.08,D
5254,0.027,2.095,0.06,248016000,38.52,2.963,0.266,D
6297,0.0,0.0,0.008,76863350,0.0,-9.891,-0.05,D
5100,0.049,0.534,0.065,15262297,12.44,11.568,0.108,C
9938,0.0,0.0,-0.029,-11371304,0.0,-1.451,-0.012,D
0011,0.03,0.271,0.439,2729480,9.16,9.012,0.03,C
4162,0.081,1.067,0.328,362859000,12.38,59.097,0.919,D
7221,0.0,0.0,-0.084,4395337,0.0,-15.331,0.008,D
7188,0.0,0.0,-2.235,-1806852,0.0,-45.289,-0.041,D
5210,0.0,0.0,0.425,1427282000,4.74,12.908,0.124,D
1818,0.044,0.923,0.524,194339000,24.05,28.398,0.28,D
03042,0.0,0.0,0.3,2415244,0.0,17.668,0.037,D
2828,0.048,0.194,0.035,64188000,5.45,27.18,0.62,C
7174,0.0,0.0,0.086,105966641,4.34,18.982,0.083,D
0191,0.0,0.0,0.016,481048,117.95,0.777,0.007,D
2852,0.026,0.132,0.012,-49725000,4.66,7.761,0.267,C
7128,0.0,0.132,0.055,12393678,4.96,10.701,0.085,D
5105,0.015,0.314,0.036,185456000,21.74,1.327,0.477,D
5311,0.005,0.0,0.1,-13332387,0.0,0.0,0.036,D
5099,0.0,0.0,-0.046,-372832000,10.76,0.0,-0.648,D
5180,0.072,2.424,0.473,140912000,28.29,1.917,0.023,D
0163,0.0,0.0,-0.627,58822278,0.0,-43.271,0.394,D
5257,0.022,0.0,0.113,-17948000,9.31,12.697,0.099,D
03016,0.046,0.216,0.292,18134058,7.26,25.043,0.03,C
2836,0.044,0.859,0.172,266250000,19.9,184.723,1.037,D
03048,0.0,0.0,-0.242,-3346479,0.0,-934.765,0.004,D
0173,0.0,0.0,0.146,-1168352,0.0,3.187,-0.009,D
7076,0.036,0.0,-0.051,-41897000,0.0,-2.666,-0.012,D
03053,0.029,2.506,0.147,-42265,52.87,5.11,0.01,D
7035,0.044,0.297,0.06,11780683,7.01,20.585,0.101,C
03024,0.001,0.018,0.173,7208592,0.0,13.024,0.069,D
0238,0.016,0.385,0.136,4771887,18.42,7.314,0.026,D
0243,0.029,0.349,0.258,13626809,23.6,13.352,0.016,C
5195,0.032,0.915,0.076,3750000,31.37,4.556,0.011,D
8052,0.0,0.0,0.077,-13161751,52.64,7.343,0.063,D
8982,0.043,0.837,0.08,49060000,28.63,1.88,0.102,D
7209,0.0,0.0,-0.116,278242,0.0,-14.123,-0.038,D
5273,0.0,0.0,0.027,-14111305,84.34,12.531,0.055,D
7187,0.0,0.0,0.047,-21740254,17.77,10.778,0.016,D
1929,0.021,0.231,0.278,76185147,11.08,7.569,1.177,C
5007,0.01,0.619,0.1,111313372,10.02,5.865,0.138,D
5188,0.0,0.0,-2.224,173000,0.0,-16.574,-0.024,D
5797,0.027,0.0,-0.058,44927000,0.0,-2.508,0.052,D
7016,0.0,0.0,0.009,-31320175,0.0,-0.739,-0.014,D
1023,0.064,0.449,0.483,7187992000,9.84,9.661,0.521,C
7245,0.0,0.0,-0.145,-5108000,0.0,-15.093,-0.173,D
5104,0.0,0.0,0.007,1766950,0.0,-3.051,-0.002,D
7117,0.038,0.455,0.032,101878000,12.9,4.349,0.048,C
7202,0.156,1.375,0.222,3820089,16.09,8.031,0.045,D
7154,0.0,0.0,-0.209,397571,0.0,-9.94,-0.029,D
03001,0.0,0.0,-0.008,-7211624,0.0,-1.502,-0.001,D
7018,0.0,0.0,-0.041,-1831000,0.0,-3.158,-0.005,D
7986,0.0,0.0,-0.509,-31979761,0.0,-48.631,-0.1,D
0246,0.026,0.0,0.128,14000,14.49,14.062,0.047,D
5071,0.0,0.0,0.256,45243763,2.88,24.26,0.696,B
2127,0.0,0.0,-0.226,-11888995,0.0,-7.691,-0.073,D
7195,0.0,0.0,0.122,-12197000,15.02,80.638,0.086,D
5037,0.0,0.0,-1.182,-4555000,0.0,-7.774,-0.002,D
8044,0.0,0.0,-0.122,-1569771,0.0,-4.236,0.291,D
8435,0.0,0.0,0.038,5364719,50.41,2.548,0.005,D
0240,0.0,0.0,0.108,1910905,24.7,12.84,0.034,D
0261,0.026,0.461,0.08,-13192000,25.37,0.0,0.016,C
5738,0.0,0.0,-0.5,-19779000,0.0,-11.732,-0.286,D
5049,0.054,1.367,0.098,-11565000,22.68,1.241,0.03,D
6718,0.036,0.746,0.128,48244372,15.72,2.618,0.088,C
8591,0.0,0.0,0.025,-446593,0.0,-6.613,-0.092,D
5094,0.025,0.686,-0.008,122660322,28.63,1.835,0.04,C
7165,0.0,0.0,-0.869,-96284866,0.0,-6.738,-0.019,D
5301,0.016,0.62,0.346,69256000,43.73,14.4,0.031,D
0051,0.0,0.0,-0.238,-3431326,0.0,-6.007,-0.006,D
9423,0.022,0.152,0.09,-22453298,9.54,5.831,0.037,C
7157,0.0,0.0,0.206,2195416,0.0,-1.962,-0.002,D
5184,0.0,0.0,-0.182,-301147000,0.0,-25.242,0.125,D
7204,0.004,0.272,0.124,-237596000,185.15,4.883,0.047,D
4456,0.0,0.0,0.121,360726000,0.0,-6.501,0.177,D
5276,0.048,0.465,0.137,7905622,8.82,10.347,0.044,C
8338,0.0,0.0,-0.608,-21304000,0.0,-26.931,-0.026,D
5216,0.052,0.683,0.319,69423000,15.4,23.715,0.027,C
5141,0.031,0.304,0.231,147845000,18.66,7.856,0.105,C
5132,0.036,0.475,0.082,13382791,8.99,11.598,0.105,C
7212,0.0,0.0,-0.195,68122652,0.0,-24.865,-0.018,D
5165,0.0,0.0,-0.028,3710841,0.0,-2.698,0.006,D
0152,0.0,0.0,-0.369,-37501354,0.0,-11.705,-0.014,D
7277,0.022,0.382,0.087,109370000,24.1,8.781,0.09,C
6947,0.029,1.363,0.451,1671135000,47.23,11.606,0.094,D
0029,0.0,0.0,0.283,29657284,0.0,-3.899,-0.019,D
0131,0.0,0.0,0.133,7452715,18.06,18.301,0.007,D
7528,0.014,0.181,0.167,978031,12.7,3.652,0.131,D
5908,0.033,0.408,0.025,97548000,7.14,12.788,0.661,C
7114,0.0,0.0,-0.005,-10059083,0.0,-3.822,-0.001,D
5265,0.0,0.0,-0.458,-8472515,0.0,-29.931,-0.006,D
7169,0.039,0.455,0.029,17448528,11.75,3.078,0.066,C
0205,0.012,1.0,0.054,-6874291,51.12,3.489,0.004,D
7198,0.0,0.0,0.108,-9417543,19.84,2.76,0.022,D
1619,0.014,0.208,0.043,-651457000,15.21,2.454,0.097,D
0269,0.018,0.0,0.169,25144890,25.26,0.0,0.022,D
7233,0.032,1.025,0.488,21633308,28.23,9.989,0.126,D
7148,0.019,0.32,0.132,-756000,15.82,10.47,0.074,D
3948,0.0,0.0,0.027,-19347000,25.94,0.86,0.012,D
3026,0.022,0.867,0.03,29030000,0.0,14.12,0.016,D
03046,0.027,0.976,0.307,3776576,34.26,14.288,0.026,D
5259,0.0,0.0,0.215,12856000,2.96,142.58,0.038,D
0154,0.0,0.0,0.026,-11507685,0.0,-22.936,-0.003,D
3417,0.0,0.0,0.012,-130810000,15.47,4.379,0.018,D
0267,0.0,0.0,0.311,444523,34.78,0.0,0.014,D
2143,0.0,0.0,-0.112,2249000,3.68,16.721,-0.005,D
8206,0.056,0.784,0.152,932853000,17.45,3.502,0.053,D
5283,0.904,0.0,-0.172,107168000,0.0,-7.454,-0.098,D
0059,0.0,0.0,-0.203,-2716890,0.0,-31.74,-0.079,D
3557,0.0,0.0,1.032,-2153000,29.96,2.699,0.011,D
0239,0.014,0.294,0.162,2281095,48.73,13.609,0.018,D
0227,0.0,0.0,0.222,3980512,25.19,17.005,0.035,D
5253,0.0,0.0,-0.025,-31903000,0.0,-3.979,-0.011,D
0255,0.0,0.0,-0.09,-26200247,0.0,-16.367,-0.032,D
5036,0.034,0.866,0.064,-7941519,14.87,6.819,0.035,D
7471,0.0,0.0,0.026,1779000,3.0,10.619,0.057,D
0107,0.0,0.0,-1.907,-551566,18.4,3.594,-0.001,D
0064,0.0,0.0,-0.091,-8048783,145.67,0.746,-0.002,D
8907,0.0,0.0,0.044,-78091000,15.91,9.401,0.09,D
5208,0.036,0.886,0.031,23525000,25.18,3.533,0.068,D
8877,0.0,0.0,0.207,-101738000,0.0,-4.703,-0.041,D
9016,0.0,0.0,-0.374,27890067,13.97,1.643,-0.111,D
5228,0.052,0.766,0.4,-73831511,15.06,8.404,0.105,D
0090,0.038,0.335,0.151,11782055,8.71,32.277,0.063,C
9091,0.0,0.0,0.15,6055564,17.2,4.451,0.003,D
6076,0.0,0.0,0.344,113432000,0.0,-4.521,-0.064,D
03025,0.0,0.0,0.071,-1266723,9.08,26.331,0.013,D
7149,0.0,0.0,-0.047,-4351900,0.0,-3.836,-0.032,D
5056,0.0,0.0,0.022,-61399000,57.64,0.564,0.075,D
8613,0.0,0.0,-1.078,-16113000,0.0,-24.193,-0.189,D
7217,0.025,0.0,-0.059,30008869,0.0,1.144,0.071,D
7773,0.0,0.0,0.041,-44237000,9.78,6.629,0.002,D
03021,0.0,0.0,-1.627,-2331763,0.0,-88.517,-0.012,D
0100,0.0,0.0,0.088,30017848,5.14,16.15,0.045,D
5081,0.033,0.0,-0.004,10393000,0.0,-2.186,-0.024,D
6815,0.017,0.102,0.166,-128743000,4.99,5.181,0.204,D
7208,0.0,0.0,-0.11,-7228000,0.0,-18.891,-0.027,D
7094,0.0,0.0,-0.192,-7864218,0.0,-16.967,-0.138,D
0174,0.0,0.0,0.084,-12503103,0.0,7.558,0.004,D
5101,0.0,0.0,-0.047,52416514,0.0,-7.338,-0.031,D
0190,0.0,0.0,0.015,-5363070,0.0,-1.138,-0.019,D
5205,0.0,0.0,-0.017,74301000,0.0,-58.002,-0.463,D
7249,0.0,1.042,0.084,11216936,295.6,0.572,-0.002,D
0065,0.026,0.658,0.37,17664967,32.16,6.843,0.022,C
2984,0.02,0.355,0.025,2988858,15.67,3.275,0.084,C
7047,0.034,0.614,-0.109,-14467000,0.0,-3.816,-0.019,C
5029,0.049,0.957,0.158,138310642,19.43,8.372,0.366,D
6041,0.0,0.0,-1.276,1239660,0.0,-16.533,-0.071,D
5306,0.008,0.484,0.083,-163387545,56.08,6.596,0.027,D
0084,0.0,0.0,-0.022,-6182672,0.0,-5.249,-0.034,D
7229,0.022,0.414,0.133,13889000,9.56,6.963,0.165,C
2755,0.0,0.0,-0.028,-1696000,10.03,11.738,0.096,D
8605,0.011,0.0,0.164,-10544715,7.48,10.372,0.074,D
5222,0.108,0.939,0.039,1462209000,8.67,9.979,0.364,D
6939,0.0,0.0,0.122,14980000,7.31,10.472,0.074,D
0149,0.028,0.136,0.214,1347000,8.58,8.683,0.05,C
03026,0.0,0.0,0.0,-1458622,0.0,14.12,0.016,D
3107,0.07,1.101,0.12,21350000,15.76,4.575,0.152,D
0150,0.0,0.0,-0.485,-99913213,0.0,-14.622,-0.005,D
9318,0.0,0.0,-0.186,122959000,0.0,-17.292,-0.092,D
0231,0.0,0.0,-0.033,-12888146,0.0,-8.738,-0.014,D
7210,0.103,0.477,0.071,22189000,7.91,11.268,0.075,C
0116,0.0,0.0,-0.051,34051098,0.0,-12.292,-0.002,D
5197,0.125,0.88,0.067,52031659,13.36,4.468,0.133,D
0157,0.038,0.362,0.195,60135000,10.7,33.638,0.078,C
9172,0.076,0.608,0.116,137184648,7.71,19.974,0.414,C
5277,0.037,0.714,0.122,12417546,24.82,8.681,0.017,C
3689,0.021,0.442,0.127,-93147000,18.6,16.288,1.043,C
0128,0.013,0.55,0.32,90203104,42.54,21.888,0.078,D
9377,0.0,0.0,0.314,-5709000,15.9,31.619,0.015,D
7676,0.0,0.0,-0.245,-30797054,0.0,-15.908,-0.058,D
7184,0.0,0.0,-0.173,-8708116,0.0,-8.309,-0.003,D
5226,0.0,0.0,0.063,-30925090,15.25,3.218,0.031,D
9261,0.021,0.0,-0.041,10428000,0.0,-3.625,-0.04,D
0206,0.0,0.0,-0.045,9356000,0.0,-1.444,-0.004,D
5398,0.027,0.396,0.092,255054000,6.21,7.216,0.316,C
5209,0.047,0.77,0.062,473928000,10.07,31.763,0.303,D
0198,0.0,0.0,0.019,-35288464,24.73,5.023,0.018,D
0078,0.008,0.0,-0.06,3979907,0.0,-6.605,-0.003,D
0104,0.0,0.0,0.277,17678733,25.71,22.382,0.092,D
3182,0.036,2.832,0.187,4877800000,74.39,0.67,-0.078,D
4715,0.06,0.0,0.13,1679000000,0.0,-2.782,-0.092,D
2291,0.03,0.707,0.12,586937000,19.39,4.521,0.525,C
3204,0.04,0.0,0.072,23392000,0.0,-0.9,0.001,D
7197,0.0,0.0,0.053,25761000,19.26,6.32,0.091,D
0039,0.02,0.118,0.356,25334014,6.23,13.425,0.032,C
0021,0.031,0.951,0.103,-60613695,30.5,5.711,0.025,D
1147,0.0,0.0,0.061,14595000,0.0,-0.836,0.025,D
5220,0.03,0.384,0.063,10716000,16.01,3.694,0.038,C
7022,0.019,0.57,0.255,47504000,28.72,11.728,0.068,D
5020,0.033,0.379,0.19,100722434,9.02,2.697,0.041,C
7382,0.0,0.0,-0.183,-12219741,0.0,-3.494,-0.062,D
5649,0.089,0.314,0.207,10777000,4.0,16.218,0.083,C
2135,0.029,0.0,-0.757,-1483337,0.0,-1.156,-0.009,D
03029,0.0,0.0,-0.147,-489084,0.0,-465.663,-0.069,D
5592,0.0,0.0,-0.271,1513429,0.0,-2.17,-0.017,D
0208,0.0,0.0,0.197,8320112,38.35,25.112,0.105,D
0074,0.0,0.0,-1.324,-12414073,0.0,-9.857,-0.01,D
0082,0.0,0.0,-0.069,-108744000,0.0,-39.029,-0.121,D
0136,0.0,0.0,-0.109,142632,4.07,22.776,0.086,D
9962,0.05,0.159,0.242,13000439,9.83,3.066,0.024,C
5102,0.0,0.231,0.04,2886248,23.69,6.404,0.135,D
3247,0.0,0.0,-0.017,3782000,0.0,-2.126,-0.015,D
1503,0.027,0.314,0.162,-1089000,16.62,2.186,0.043,C
0237,0.028,0.305,0.038,-7541486,10.91,8.172,0.037,C
7253,0.0,0.0,-0.608,3507544,12.21,8.379,0.001,D
3034,0.068,0.544,0.117,-718156000,7.41,17.499,0.382,C
5138,0.045,1.286,0.171,167054000,20.05,3.891,0.263,D
2062,0.047,0.116,0.179,143707782,3.0,22.234,0.38,A
7501,0.0,0.0,0.029,-13081738,348.84,0.812,-0.044,D
5008,0.06,0.284,0.045,-25379000,8.1,16.987,0.975,C
5168,0.0,0.0,-0.021,-344007000,0.0,-7.767,-0.069,D
0060,0.0,0.0,-0.179,39019797,0.0,-8.417,-0.007,D
5187,0.0,0.0,-1.687,-4231000,0.0,-58.588,-0.137,D
7105,0.0,0.0,0.172,55576000,70.48,6.54,0.02,D
3255,0.057,1.007,0.205,289037000,17.2,104.88,1.367,D
5028,0.0,0.0,0.079,-17535000,0.0,-20.274,-0.098,D
5121,0.132,0.537,0.473,35382149,4.21,12.118,0.158,C
0175,0.0,0.0,0.241,33993044,7.71,17.07,0.032,D
4324,0.031,0.0,-0.093,-133841000,0.0,-68.977,-0.525,D
5095,0.034,0.0,-0.007,2890000,0.0,-1.264,0.016,D
5151,0.013,0.286,0.125,91303080,80.37,16.393,0.013,D
7803,0.0,0.0,-0.363,-34958894,0.0,-11.514,-0.062,D
0161,0.051,0.0,0.104,-15589968,7.73,46.864,0.004,D
5136,0.0,16.667,0.022,-9778930,992.9,2.091,0.032,D
3298,0.042,1.212,0.115,-1940020,29.49,2.026,0.031,D
0160,0.0,0.0,0.09,4770796,9.66,6.396,0.021,D
5072,0.023,1.389,0.003,-208272000,55.93,1.026,0.09,D
5199,0.027,0.104,0.32,749909000,5.43,16.375,0.199,C
8443,0.02,0.241,0.2,29549821,12.55,6.635,0.072,C
0188,0.0,0.0,-0.243,-3384839,0.0,-36.384,-0.073,D
5169,0.0,0.0,0.166,-20523000,0.0,-4.686,-0.065,D
9601,0.0,0.0,0.004,-16965000,0.0,-4.704,-0.009,D
5160,0.052,0.317,0.197,44857196,7.84,11.348,0.096,C
5819,0.03,0.311,0.61,7452976000,10.68,11.753,1.863,C
5274,0.032,0.901,0.373,455095000,25.76,5.222,0.212,D
1082,0.027,0.192,0.603,161573000,7.3,10.932,2.461,C
3301,0.064,0.588,0.12,345721000,9.63,14.776,0.924,C
0041,0.0,0.0,-6.278,-132847103,0.0,-7.285,0.014,D
5291,0.016,0.395,0.101,-265000,17.43,5.133,0.025,D
0228,0.039,0.626,0.165,11776999,17.11,7.854,0.024,C
0185,0.012,0.251,0.139,-1364227,20.27,7.553,0.031,D
5062,0.0,0.0,0.135,20590362,24.23,1.115,0.008,D
7013,0.0,0.0,-0.003,14523880,26.14,3.767,0.003,D
5000,0.0,0.0,0.098,684000,19.58,15.068,0.084,D
5024,0.057,0.924,0.132,18615321,16.16,24.38,0.033,D
8478,0.0,0.0,-0.078,-8210665,0.0,-30.021,-0.078,D
4251,0.007,0.0,0.042,-4717000,12.41,2.31,0.023,D
5084,0.034,0.234,0.228,12192698,7.27,9.889,0.056,C
5255,0.0,0.0,0.026,114469773,1.79,42.208,0.062,D
9113,0.0,0.0,-0.185,-4174000,0.0,-15.956,-0.044,D
03038,0.0,0.0,0.092,-21145692,22.88,15.75,0.01,D
03030,0.01,0.312,0.392,1341987,74.91,28.291,0.003,D
9687,0.005,0.0,0.109,-24048283,25.93,6.406,0.079,D
0023,0.0,0.0,0.017,2241814,103.45,1.576,-0.007,D
5606,0.063,0.192,0.468,357726000,12.38,6.073,0.118,C
5299,0.065,1.326,0.5,113533000,19.22,2.619,0.027,D
5227,0.056,0.901,0.666,424373000,14.65,10.531,0.111,D
5225,0.018,0.29,0.151,1951396000,24.62,7.704,0.17,D
3336,0.032,0.936,0.19,904959000,27.75,2.119,0.045,D
5614,0.0,0.0,0.043,-3918510,10.85,5.217,0.001,D
7222,0.006,5.645,0.053,-973478,251.56,1.237,0.022,D
7243,0.0,0.0,-0.07,700691,0.0,-27.87,-0.054,D
0166,0.028,0.999,0.213,394097000,32.71,12.669,0.087,D
2607,0.0,0.0,-0.705,-1154000,0.0,-1.814,-0.028,D
9393,0.0,0.0,-0.174,-30005132,0.0,-12.111,-0.018,D
0253,0.028,0.442,0.232,5786000,10.93,47.312,0.037,C
0265,0.0,0.0,0.193,46710000,0.0,0.0,0.073,D
7240,0.0,0.0,-0.663,-14888328,0.0,-33.382,-0.063,D
5178,0.0,0.0,0.322,27784777,4.76,23.496,0.021,D
5295,0.067,1.327,0.14,34246000,19.42,11.192,0.03,D
0147,0.0,0.0,-0.039,4777083,0.0,-9.934,-0.001,D
6262,0.072,1.652,0.238,92767708,14.23,13.435,0.173,D
3379,0.028,0.076,-0.023,-34995000,4.92,5.411,0.185,D
0192,0.048,0.287,0.039,-10165202,9.96,9.021,0.018,C
1961,0.025,0.78,0.141,1458400000,22.74,10.004,0.179,D
5249,0.03,0.152,0.492,-827674000,6.28,6.518,0.253,C
5107,0.0,0.0,0.058,1737926,9.38,6.439,0.081,D
7183,0.0,0.0,-0.046,795000,20.0,0.266,0.004,D
8834,0.0,0.0,-9.088,18125055,1.41,277.287,0.354,D
0010,0.0,0.0,0.094,19219000,8.84,8.634,0.007,D
1589,0.0,0.0,-0.025,-295000,0.0,-3.773,-0.035,D
5309,0.004,0.148,0.555,-1453000,13.65,29.924,0.201,D
5175,0.0,0.0,4.783,14592000,0.0,-79.496,-0.256,D
7043,0.0,0.0,-0.74,-42635069,0.0,-17.272,-0.128,D
7223,0.0,0.0,-0.326,5173914,0.0,-11.413,-0.01,D
0024,0.0,0.0,0.048,13417222,37.59,2.353,0.015,D
4723,0.0,0.0,-0.553,-221265470,8.64,3.558,0.026,D
8648,0.0,0.0,-0.054,303279,0.0,-1.527,0.0,D
4383,0.036,0.309,0.243,301496000,5.13,11.588,0.159,C
7152,0.084,0.939,0.127,20152000,8.72,11.797,0.08,D
0058,0.038,0.269,0.631,-3888823,6.77,8.09,0.179,C
5161,0.0,0.0,-0.292,-126569000,0.0,-16.437,-0.042,D
5673,0.0,0.0,-0.562,-53647000,0.0,-4.836,-0.014,D
0146,0.009,0.704,0.22,2419000,75.69,9.297,0.013,D
0127,0.0,0.0,0.067,-17583096,45.15,3.668,0.039,D
8923,0.0,0.0,-3.125,-15638521,0.0,-19.705,-0.069,D
03040,0.0,0.0,0.107,-4236352,12.44,13.566,0.034,D
6769,0.0,0.0,0.342,75745000,9.31,4.761,0.011,D
7096,0.0,0.0,-1.685,-10273000,0.0,-6.994,-0.013,D
3441,0.0,0.0,-1.477,-94533000,0.0,-16.427,-0.01,D
5192,0.0,0.0,-0.012,-3822461,0.0,-0.856,0.011,D
8672,0.0,0.0,-0.041,22314473,0.0,-2.272,-0.026,D
0170,0.0,0.0,-0.186,-134894574,0.0,-4.359,-0.344,D
5247,0.018,0.0,0.042,-35029000,60.8,2.243,0.01,D
0054,0.02,0.333,0.041,20682782,19.55,3.682,0.013,C
7216,0.02,0.399,0.083,26337129,19.88,8.45,0.107,C
3476,0.033,0.151,0.081,237706000,7.0,8.754,0.561,C
7199,0.014,0.073,0.087,20745271,6.69,14.789,0.205,D
0193,0.0,0.0,0.052,-6169579,139.34,5.387,0.001,D
0151,0.02,0.235,0.063,-8829000,14.32,28.941,0.087,C
7323,0.0,0.0,0.286,13723000,17.21,1.707,0.016,D
6483,0.069,0.939,0.08,-353709000,14.16,4.576,0.075,D
7161,0.062,0.639,0.13,89219432,13.38,10.078,0.092,C
7077,0.037,0.299,0.316,142437000,7.81,22.137,0.099,C
9334,0.01,0.0,-0.014,-51053000,0.0,-1.651,0.039,D
0036,0.0,0.0,-0.487,-106771,0.0,-16.277,-0.006,D
0143,0.0,0.0,-0.318,-4795300,0.0,-16.295,-0.004,D
6203,0.0,0.0,0.049,-3791056,13.2,-877.763,0.012,D
7062,0.03,0.404,0.026,13000000,12.96,4.117,0.43,C
6211,0.0,0.0,-0.042,-1002121,0.0,-2.237,-0.012,D
5371,0.0,0.0,-0.084,-19287000,0.0,-8.596,-0.241,D
0210,0.034,0.0,0.031,5330713,36.66,2.375,0.013,D
5027,0.054,0.654,0.14,149194929,11.4,18.019,0.168,C
0180,0.0,0.0,0.052,31083089,7.18,13.217,0.032,D
5171,0.012,0.0,0.012,30604228,0.0,-1.329,-0.02,D
5280,0.079,0.626,0.611,55448000,0.0,0.0,0.0,C
9466,0.043,0.826,0.106,41176696,19.81,5.349,0.041,D
5235SS,0.052,0.85,0.645,1019899000,15.02,6.275,0.434,D
2453,0.003,0.0,0.255,10838498,12.38,2.814,0.313,D
7164,0.0,0.0,0.041,174351000,0.0,-55.8,0.024,D
5035,0.0,0.0,0.001,-21557000,0.0,-1.619,-0.023,D
6971,0.016,0.245,0.122,-87190272,20.11,7.539,0.088,D
7017,0.0,0.0,-0.046,-17550000,0.0,-2.844,-0.008,D
0111,0.0,0.0,0.006,-4276601,81.63,1.424,0.0,D
4847,0.0,0.0,0.071,3043000,29.7,0.0,-0.024,D
7153,0.11,0.0,-0.025,-21983000,0.0,-0.171,0.062,D
0002,0.056,0.563,0.274,56233000,12.07,25.323,0.441,C
5878,0.028,0.557,0.14,225591000,23.73,9.908,0.039,C
9121,0.0,0.0,0.018,-3493827,6.5,4.119,0.107,D
1996,0.035,0.971,0.065,123132000,28.54,5.772,0.047,D
0176,0.0,0.0,0.085,-8326554,14.91,5.916,0.028,D
5038,0.0,0.0,0.36,116147894,3.48,9.379,0.176,D
2445,0.047,0.914,0.088,1403918000,19.84,8.44,2.009,D
6874,0.036,0.247,0.057,23726000,8.89,6.693,0.061,C
2186,0.008,0.0,0.772,-1174804,15.18,3.1,0.09,D
6491,0.05,0.485,0.148,1411000,9.97,5.743,0.229,C
7033,0.034,0.459,0.305,7250015,13.3,6.415,0.076,C
9083,0.0,0.0,-0.015,-1879529,0.0,-11.997,-0.032,D
5310,0.015,0.0,0.069,74841610,7.76,13.584,0.095,D
5843,0.099,0.374,0.045,83096000,5.93,6.116,0.136,C
8362,0.0,0.0,0.019,-2728000,4.58,15.48,0.059,D
0268,0.011,0.0,0.156,973000,14.91,0.0,0.026,D
7179,0.046,0.41,0.275,112853457,8.08,15.164,0.181,C
0018,0.0,0.0,-4.513,-1407130,0.0,-30.487,-0.375,D
3174,0.046,0.575,0.187,-7777000,14.5,2.282,0.009,C
1643,0.0,0.0,-0.804,-6781000,0.0,-2.219,-0.064,D
9385,0.011,0.078,0.048,74198261,7.29,6.255,0.038,D
9326,0.048,0.356,0.058,87124000,5.67,10.275,0.089,C
8494,0.038,3.637,0.043,-2185307,86.06,0.428,0.005,D
5789,0.043,0.324,0.173,358521378,8.1,6.925,0.069,C
9881,0.032,0.0,0.001,51414642,13.61,2.574,0.048,D
9628,0.0,0.0,0.029,1455920,0.0,0.088,0.001,D
8079,0.046,0.557,0.118,13253000,12.12,15.164,0.067,C
0266,0.0,0.0,-0.055,-97165000,0.0,-8.517,-0.006,D
5232,0.026,0.833,0.036,12384460,13.47,2.495,0.087,D
6633,0.033,0.268,0.056,329387000,8.11,12.268,0.06,C
7170,0.0,0.0,0.082,-7248564,79.74,2.715,0.001,D
0249,0.017,0.539,0.431,12004000,43.6,13.96,0.028,D
3573,0.0,0.0,-0.691,302000,0.0,-7.112,-0.103,D
7089,0.061,0.403,0.131,110431587,7.09,13.79,0.139,C
03047,0.012,0.247,0.314,45485950,6.17,68.627,0.118,B
4235,0.0,0.0,-0.169,-564641000,0.0,-20.155,-0.458,D
8486,0.0,0.0,0.012,-81893000,31.72,0.403,0.003,D
0182,0.0,0.0,-0.254,-39289000,0.0,-17.534,0.01,D
5284,0.0,0.0,-0.178,-4702360000,0.0,-9.937,-0.321,D
8303,0.0,0.0,0.033,9294125,127.19,3.252,0.003,D
8621,0.053,0.808,0.326,915209000,15.47,13.954,0.694,D
7085,0.0,0.0,0.062,35333241,12.87,8.013,0.144,D
5068,0.0,0.0,-0.063,-8101395,0.0,-6.776,-0.006,D
5143,0.034,0.76,0.068,81505731,17.86,5.455,0.043,D
0075,0.0,0.0,0.045,2459000,0.0,-42.942,-0.035,D
9199,0.028,0.138,0.128,13134451,9.44,5.384,0.171,C
0103,0.0,0.0,-0.618,-26489567,0.0,-8.708,-0.029,D
1198,0.0,0.0,-0.044,-47956000,0.0,-0.184,-0.003,D
0095,0.0,0.0,0.245,-16025000,9.17,4.683,0.022,D
7617,0.0,0.0,0.095,-18222974,0.0,-1.459,0.116,D
7087,0.056,0.375,0.094,48835597,8.58,12.933,0.22,C
3859,0.049,0.615,0.1,169673000,13.76,4.889,0.07,C
8583,0.033,0.331,0.135,639378000,11.08,4.878,0.065,C
8141,0.0,0.0,-0.487,17773443,0.0,-1.817,-0.046,D
5264,0.05,0.0,0.054,-241649000,0.0,-5.086,0.052,D
1155,0.066,0.76,0.493,8256940000,11.88,10.216,0.688,D
3794,0.016,0.0,0.11,169716000,42.41,2.713,0.09,D
3662,0.048,0.426,0.025,-129622000,6.39,7.517,0.142,C
3891,0.0,0.0,-0.056,33595000,0.0,-2.55,-0.004,D
5014,0.006,0.143,0.442,899978000,26.65,6.159,0.078,D
1171,0.116,1.461,0.512,936416000,12.37,4.848,0.064,D
5186,0.028,0.0,-0.16,95318000,0.0,-22.333,0.042,D
5916,0.063,0.504,0.076,225219000,16.04,8.223,0.234,C
5098,0.0,0.0,0.02,-80569000,42.54,0.75,0.024,D
5077,0.0,0.0,0.164,104838000,11.64,5.115,0.093,D
0155,0.0,0.0,-1.621,-1273775,0.0,-44.633,-0.112,D
3867,0.013,0.521,0.052,-38042000,90.19,3.055,0.308,D
1651,0.022,0.0,0.057,-19024000,36.28,1.245,0.015,D
4936,0.0,0.0,0.491,325039,35.18,1.58,0.036,D
6181,0.0,0.0,0.039,252223000,0.0,-8.805,-0.16,D
0156,0.0,0.0,-0.583,-14831581,0.0,-16.481,-0.012,D
03015,0.0,0.0,0.025,1644664,0.0,11.363,0.004,D
1058,0.036,0.0,0.046,20171000,8.73,4.351,0.089,D
3514,0.316,2.186,0.209,19712400,10.41,8.741,0.019,D
5078,0.0,0.0,0.224,81490000,3.76,38.96,0.066,D
7029,0.039,0.273,0.162,20912000,6.04,16.699,0.4,C
0189,0.024,1.158,0.042,4967241,81.08,1.106,0.001,D
5236,0.067,0.391,0.218,208967000,5.88,11.32,0.197,C
03019,0.0,0.0,0.118,4021466,400.0,0.729,-0.002,D
4022,0.051,0.312,0.174,64218000,6.21,8.756,0.053,C
6012,0.04,1.218,0.196,1583000000,27.56,19.083,0.151,D
5983,0.032,0.284,0.008,42636000,5.91,12.157,0.717,C
7004,0.032,0.0,0.137,-6850359,6.31,15.508,0.146,D
0167,0.0,0.0,-0.109,2159102,0.0,-15.403,-0.015,D
03022,0.0,0.0,-1.432,-1051232,0.0,-268.177,-0.011,D
5182,0.0,0.0,0.095,-131243203,11.78,3.58,0.0,D
5090,0.043,0.0,-0.014,6017000,0.0,0.0,0.0,D
4502,0.034,0.287,0.08,49786000,11.02,6.494,0.05,C
3069,0.024,0.188,0.358,394695000,8.55,13.922,0.42,C
5129,0.018,0.071,0.229,-53932923,3.75,6.86,0.164,D
3778,0.0,0.0,-0.015,5475227,0.0,-1.828,-0.047,D
1694,0.0,0.0,0.651,103010000,21.68,4.674,0.034,D
5223,0.0,0.0,-0.879,707247,0.0,-11.364,-0.251,D
8192,0.0,0.0,-0.037,-8206498,0.0,-9.893,-0.131,D
5040,0.0,0.0,4.756,-22269000,0.0,-10.442,-0.058,D
7234,0.0,0.0,0.12,29285000,5.35,13.621,0.091,D
5011,0.039,0.896,0.011,7186000,22.4,3.188,0.108,D
0207,0.003,0.125,0.132,-7152281,40.73,11.206,0.009,D
2097,0.0,0.0,0.373,-11010903,52.9,4.338,0.004,D
03005,0.011,0.815,0.199,4672596,69.08,16.939,0.008,D
6149,0.047,0.475,0.023,81233551,10.15,3.631,0.142,C
0043,0.0,0.0,-0.27,68235636,0.0,-6.892,-0.007,D
7595,0.007,0.094,0.067,-6630083,12.96,6.1,0.026,D
5026,0.033,0.422,0.078,68523403,12.69,4.607,0.176,C
5286,0.023,0.404,0.191,69412559,22.26,6.318,0.077,C
0126,0.0,0.0,0.119,-13480583,43.44,10.464,0.024,D
5001,0.0,0.0,-0.187,21797000,0.0,-8.777,-0.034,D
0112,0.002,0.068,0.063,1543620,32.76,3.154,0.006,D
7935,0.0,0.0,-0.135,-3527098,0.0,0.075,0.013,D
5166,0.0,0.0,0.059,7890000,26.97,3.186,0.003,D
7219,0.0,0.0,-0.039,-44149276,0.0,-9.902,-0.009,D
5576,0.0,0.0,0.072,14602000,17.8,1.511,0.021,D
3816,0.051,0.582,0.228,748561000,12.66,6.649,0.408,C
9571,0.018,0.149,0.117,24122364,8.01,3.778,0.009,D
8893,0.0,0.0,0.146,39079000,21.06,1.06,0.011,D
6114,0.029,0.327,0.125,219480751,11.29,3.884,0.195,C
0085,0.0,0.0,-0.352,-19514916,0.0,-5.535,-0.005,D
0034,0.0,0.0,-0.149,-17115024,0.0,-24.159,-0.038,D
03027,0.0,0.0,0.241,9083907,61.88,15.591,0.008,D
0113,0.038,2.41,0.045,12370937,63.63,2.348,0.045,D
0245,0.0,0.0,0.085,-3785128,17.87,14.508,0.016,D
6459,0.038,0.092,0.07,-168376000,4.49,7.92,0.153,D
0229,0.0,0.0,0.146,7178652,18.01,10.559,0.017,D
5237,0.429,9.434,0.85,-198303000,3.33,1.734,0.28,D
0070,0.0,0.0,-0.975,-12651571,0.0,-11.799,0.002,D
5296,0.017,0.422,0.182,225857000,27.34,35.606,0.05,D
5202,0.0,0.0,-0.052,-23832000,0.0,-11.238,-0.254,D
0213,0.07,0.713,0.222,25716629,9.97,14.455,0.044,C
0092,0.0,0.0,-0.138,-35900261,0.0,-13.817,-0.012,D
5152,0.0,0.0,0.096,36177944,2.16,29.253,0.26,D
3883,0.029,0.0,-0.027,-57002000,0.0,-3.477,-0.036,D
5085,0.0,0.0,-0.012,-32645000,0.0,-3.303,0.012,D
5703,0.0,0.0,0.006,77680000,0.0,-0.979,-0.028,D
3913,0.051,0.36,0.154,6553000,3.96,10.924,0.048,C
3905,0.0,0.0,0.064,-270699000,0.0,-0.514,0.273,D
9539,0.0,0.0,0.359,8176720,6.8,5.437,0.076,D
0138,0.018,0.214,0.605,-230788000,12.99,23.748,0.054,D
5087,0.0,0.0,-0.005,16044205,0.0,-2.497,-0.038,D
5275,0.0,0.0,-0.0,18753000,0.0,-5.114,-0.029,D
7692,0.0,0.0,0.146,-1633241,67.75,3.032,0.005,D
0108,0.044,0.345,0.133,27583750,16.72,5.729,0.032,C
5073,0.0,0.0,-0.032,14156000,27.62,1.23,0.05,D
0270,0.011,0.0,0.135,2730219,34.81,27.061,0.041,D
0056,0.0,0.0,0.266,16044536,11.74,8.188,0.032,D
2038,0.018,0.244,0.104,34047370,13.62,2.949,0.395,D
0235,0.0,0.0,-0.023,-82911580,0.0,-13.902,-0.024,D
4707,0.026,0.984,0.128,199307000,48.96,86.91,2.645,D
0020,0.0,0.0,-1.007,-6805382,0.0,-12.894,-0.019,D
7060,0.062,0.266,0.161,49347000,6.19,7.723,0.323,C
0096,0.0,0.0,-0.458,5543613,0.0,-19.447,-0.035,D
7241,0.0,0.0,0.574,-49974127,55.81,5.012,0.014,D
7215,0.0,0.0,-0.178,-7315000,0.0,-7.094,-0.01,D
7139,0.0,0.0,-0.22,-17257848,0.0,-10.763,-0.007,D
0083,0.0,0.0,-0.114,7625000,31.49,1.285,0.018,D
0026,0.0,0.0,-0.501,-7907192,0.0,-30.431,-0.01,D
03006,0.011,0.0,0.319,457428,0.0,19.435,0.008,D
0201,0.029,0.51,0.392,2458583,15.72,14.536,0.047,C
03045,0.0,0.0,-0.131,-291066,0.0,-2.588,-0.001,D
5047,0.0,0.0,0.052,-42099000,0.0,-0.639,-0.014,D
5066,0.078,0.0,0.01,-26398074,0.0,-1.141,-0.005,D
5025,0.0,0.0,-1.203,-6273366,0.0,-12.25,-0.01,D
4944,0.0,0.0,-8.36,-1704000,0.0,-6.826,-0.008,D
5533,0.0,0.0,0.016,-350000,23.4,1.859,-0.035,D
0220,0.0,0.0,0.049,-6463018,29.08,4.787,-0.003,D
0049,0.033,0.455,0.097,-1043441,13.63,4.885,0.025,C
0172,0.0,0.0,0.132,-56541000,12.09,5.473,0.031,D
7071,0.0,0.0,0.019,-57999036,0.0,-3.549,-0.009,D
7140,0.065,1.642,0.044,-2179065,24.29,3.538,0.045,D
3018,0.0,0.0,-0.065,7357000,9.13,11.0,0.068,D
5298,0.03,0.194,0.104,156995000,0.0,0.0,0.0,C
9008,0.0,0.0,-0.464,5758098,1.49,-23.214,0.236,D
5079,0.0,0.0,-4.962,-2265037,0.0,-149.381,0.0,D
03041,0.05,0.24,-0.046,1230037,0.0,-3.076,0.014,C
5260,0.0,0.0,0.194,25679245,19.76,5.695,0.027,D
0035,0.0,0.0,0.135,14190198,23.17,5.613,0.018,D
0040,0.051,0.586,0.186,8107259,12.1,14.75,0.026,C
0275,0.01,0.0,0.462,4711604,0.0,0.0,0.041,D
0222,0.07,1.101,0.21,15938000,32.36,24.913,0.022,D
0252,0.0,0.0,0.041,7727176,0.0,-2.33,-0.004,D
7107,0.03,0.348,0.064,5024496,13.57,9.031,0.08,C
4006,0.078,0.792,0.121,286722000,12.58,4.348,0.803,D
5827,0.041,0.376,0.189,-15379000,9.1,9.228,0.168,C
5065,0.011,0.0,0.007,-7732000,0.0,-0.278,0.033,D
5053,0.049,0.256,0.148,-329034000,5.19,8.44,0.207,C
0053,0.035,0.134,0.863,588856,3.53,12.865,0.097,C
0153,0.0,0.0,-0.118,-14681084,0.0,-4.569,-0.002,D
7225,0.082,0.203,0.097,-35424475,11.18,12.479,0.022,C
7095,0.017,0.282,0.067,-24364962,16.4,12.661,0.182,D
6009,0.049,4.49,-0.048,10069000,68.17,1.253,0.201,D
7052,0.025,0.339,0.16,457504000,11.67,23.063,0.338,C
4081,0.014,0.21,-0.034,-7957000,5.32,11.969,0.039,D
1287,0.0,0.0,-0.03,-169000,0.0,-2.185,-0.001,D
3719,0.064,0.565,0.078,72541000,13.09,11.194,1.319,C
8419,0.005,0.0,0.03,-63930860,35.26,7.93,0.01,D
5125,0.068,0.428,0.161,62143833,6.31,14.231,0.14,C
5022,0.0,0.0,0.001,3333029,0.0,-0.05,0.0,D
0242,0.0,0.0,0.271,-63025610,37.78,8.187,0.017,D
3611,0.0,0.0,-0.122,-32912348,97.29,0.556,0.005,D
9407,0.0,0.0,-0.072,-5669285,0.0,-12.339,-0.068,D
1724,0.063,0.461,0.261,163342000,7.45,4.975,0.096,C
5657,0.0,0.0,0.101,239978000,0.0,-2.22,-0.105,D
2682,0.0,0.0,-0.042,-7613116,16.93,1.615,0.009,D
0022,0.0,0.0,-0.044,-11946552,0.0,-17.738,-0.027,D
6912,0.0,0.0,-0.263,10869573,0.0,0.483,-0.039,D
0177,0.0,0.0,-0.022,-41095530,0.0,-8.566,-0.308,D
5212,0.071,0.904,0.579,361692000,9.05,9.592,0.13,D
5041,0.075,0.139,0.098,61642000,4.35,7.218,0.233,C
6068,0.025,0.0,0.005,-19837000,41.62,-3.099,0.075,D
6254,0.0,0.0,-0.344,-16568000,0.0,-7.039,-0.011,D
5271,0.019,0.462,0.214,-571000,25.26,17.584,0.047,D
4464,0.0,0.0,-0.351,-7141000,0.0,-3.972,0.0,D
0233,0.022,0.0,0.088,-20519956,27.63,8.592,0.016,D
5231,0.0,0.0,0.1,17645000,7.84,13.387,0.095,D
9997,0.02,0.285,0.006,-38844097,0.0,-2.119,-0.024,D
7160,0.004,0.0,0.206,-12913923,43.62,14.183,0.116,D
8346,0.0,0.0,0.364,71533000,1.88,18.837,0.134,D
0186,0.024,0.362,0.542,-70739842,15.28,10.5,0.086,C
7108,0.0,0.0,0.2,62240000,18.34,5.44,0.005,D
7080,0.0,0.0,-0.37,-4647429,0.0,-7.824,-0.011,D
8532,0.0,0.0,-2.751,4139000,0.0,-17.539,-0.086,D
5436,0.029,0.0,0.018,211222000,0.0,-0.348,0.298,D
8311,0.0,0.0,0.03,44155768,0.0,-1.685,-0.009,D
5219,0.0,0.0,-0.309,-160576000,0.0,-40.766,-0.262,D
0171,0.0,0.561,0.024,6133876,16.71,3.943,0.013,D
5133,0.13,0.377,0.082,57143000,6.94,11.35,0.041,C
3042,0.054,0.424,-0.002,-54984000,0.0,17.668,0.037,C
5183,0.022,0.911,0.13,6168000000,16.22,9.067,0.79,D
5681,0.032,0.717,0.039,1560015000,22.7,17.501,0.782,C
6033,0.038,0.815,0.356,1757096000,19.36,13.289,0.832,D
8117,0.016,0.163,0.154,-3505018,17.59,7.992,0.068,D
7081,0.157,0.0,-0.145,-219973000,0.0,-470.085,-0.464,D
5622,0.0,0.0,0.0,-1083173,359.9,0.394,0.001,D
0006,0.0,0.0,-0.06,-1452843,0.0,-14.502,-0.059,D
1902,0.083,0.0,-17.327,-8351646,0.0,-5.865,-0.074,D
9598,0.031,0.0,-0.009,8748293,0.0,-0.529,-0.013,D
7163,0.0,0.0,-0.017,36000,52.63,5.599,0.004,D
7055,0.0,0.0,0.176,17391647,0.0,3.487,-0.108,D
5075,0.027,0.269,0.146,-90138000,9.58,2.729,0.115,C
9695,0.0,0.0,-0.099,32248000,0.0,-11.806,-0.079,D
7172,0.0,0.0,0.071,-11110000,159.63,4.367,0.072,D
6637,0.0,0.0,-0.233,2832998,0.0,-19.996,-0.022,D
7088,0.07,0.604,0.094,117806886,6.08,11.139,0.317,C
5080,0.016,0.092,0.078,73297191,3.44,14.516,0.225,D
03031,0.042,0.196,0.342,431844,4.97,31.923,0.08,C
4634,0.0,0.0,-0.055,9292000,0.0,-27.198,-0.214,D
7237,0.04,0.596,0.151,14755654,14.94,19.642,0.136,C
0217,0.024,0.0,0.06,4218220,21.92,9.26,0.012,D
4065,0.026,0.32,0.03,8109000,12.69,6.786,1.544,C
8869,0.015,0.495,0.115,1405159000,34.51,18.916,0.172,D
9873,0.024,0.0,-0.016,111113000,0.0,-0.682,0.042,D
7168,0.0,0.0,0.129,23839000,5.29,10.141,0.045,D
7123,0.0,0.0,-0.251,-34689001,0.0,-4.259,0.015,D
0123,0.0,0.0,0.048,-4275264,20.54,5.772,-0.001,D
7201,0.0,0.0,0.034,13007460,0.0,-14.484,-0.015,D
8966,0.0,0.0,0.167,-27112000,3.44,10.51,0.033,D
0091,0.0,0.0,0.0,-15490000,13.47,9.657,0.013,D
5070,0.0,0.0,-0.007,59044000,0.0,-9.672,-0.061,D
0260,0.0,0.0,0.073,-13553679,7.2,0.0,0.077,D
7010,0.0,0.0,0.056,-27049304,60.67,1.895,0.018,D
1295,0.044,0.497,0.679,8977128000,12.2,12.962,0.315,C
8273,0.004,0.017,0.219,27952000,4.59,11.237,0.145,D
0007,0.0,0.0,-3.789,-36126424,0.0,-24.728,-0.033,D
6807,0.0,0.0,0.254,56388000,0.0,-1.797,-0.036,D
7134,0.056,0.871,-0.025,37784478,7.87,7.264,0.073,D
0196,0.009,0.156,0.135,-1608000,18.18,17.086,0.032,D
7084,0.019,0.485,0.091,379251000,37.4,13.339,0.143,D
7544,0.0,0.0,-0.025,6886000,0.0,-7.906,-0.039,D
0202,0.03,0.382,0.094,9249937,24.98,9.656,0.014,C
7498,0.0,0.0,-0.05,932574,0.0,-4.905,-0.021,D
0236,0.0,0.0,0.218,-6248000,15.91,10.944,0.017,D
5272,0.062,0.497,-0.001,70096000,7.94,14.402,0.074,C
7765,0.0,0.0,0.306,6277000,0.0,1.068,0.032,D
03052,0.0,0.0,-0.025,-12299855,0.0,-6.113,-0.01,D
9296,0.058,0.616,0.875,-11987793,13.18,17.259,0.189,C
5256,0.0,0.0,-0.677,-23954000,0.0,-43.519,-0.143,D
03002,0.0,0.0,-0.175,33452,0.0,-144.708,-0.008,D
03036,0.035,0.44,0.205,3347473,7.66,23.468,0.026,C
0032,0.036,0.235,0.274,53193000,8.51,25.604,0.079,C
0081,0.0,0.0,-3.258,-5401006,0.0,-24.685,-0.025,D
7130,0.0,0.0,0.267,-106779000,17.86,2.967,0.012,D
0219,0.0,0.0,0.042,-219793,18.44,7.37,0.037,D
7232,0.0,0.0,0.02,-26226000,53.73,1.017,0.005,D
0200,0.0,0.0,-0.682,1562060,0.0,-21.623,0.022,D
9946,0.0,0.0,-0.251,-4105998,0.0,-38.066,-0.07,D
0106,0.049,0.766,0.509,6204569,12.85,23.365,0.064,D
0037,0.003,0.032,0.098,60826395,9.86,18.566,0.003,D
9954,0.025,0.0,0.044,-6672000,142.86,1.206,0.002,D
1066,0.074,0.552,0.553,5439648000,7.93,10.59,0.647,C
5278,0.029,0.505,0.093,-6350922,17.13,7.702,0.043,C
7006,0.015,0.385,0.048,20159000,11.18,3.368,0.116,D
5113,0.0,0.0,-0.059,38350226,0.0,-8.222,0.0,D
2542,0.025,0.282,0.247,26426596,31.03,1.844,0.217,C
9741,0.0,0.0,0.091,-55533476,10.22,3.692,0.039,D
03039,0.0,0.0,0.069,-195077,0.0,-2.656,0.01,D
8745,0.0,0.0,0.012,-377345,30.27,4.241,0.004,D
8664,0.014,0.493,0.152,1593943000,29.39,1.0,0.036,D
03056,0.0,0.0,0.0,-767847,0.0,-7.171,-0.004,D
8567,0.0,0.0,-0.119,29398000,0.0,-5.389,-0.023,D
0183,0.0,0.0,-0.355,17802000,0.0,-21.577,-0.067,D
9822,0.006,0.221,0.094,-255344000,29.71,10.781,0.164,D
0223,0.004,0.0,0.086,5461057,46.46,10.968,0.025,D
5147,0.039,0.903,0.026,119438000,17.2,5.864,0.078,D
03057,0.0,0.0,0.08,-4656950,0.0,0.0,0.001,D
7943,0.0,0.0,-0.8,-7432218,0.0,-45.344,-0.08,D
0133,0.0,0.0,-1.431,19710888,0.0,-11.28,-0.017,D
5218,0.0,0.0,0.032,-129650000,0.0,-256.304,-0.198,D
7811,0.069,0.518,0.05,10539051,7.28,7.86,0.124,C
4596,0.0,0.0,-0.236,11546000,0.67,58.29,0.57,D
5170,0.0,0.0,-0.055,-43293000,0.0,-87.664,-0.239,D
9237,0.0,0.0,-0.154,-39795526,0.0,-27.464,-0.042,D
5126,0.054,0.4,0.064,615764000,10.27,6.769,0.545,C
5135,0.072,0.806,0.138,99221737,11.44,7.203,0.347,D
5252,0.027,0.227,0.151,7891000,9.14,6.357,0.002,C
5157,0.0,0.0,-0.06,-43243399,0.0,-2.674,-0.005,D
5207,0.0,0.0,0.055,7296000,0.0,0.014,-0.001,D
0109,0.0,0.0,-1.421,-7178934,0.0,-5.519,-0.002,D
7239,0.0,0.0,-0.23,-30519100,0.0,-15.89,-0.05,D
0158,0.032,0.98,0.038,-7884000,31.47,3.12,0.018,D
7247,0.709,0.218,-0.027,19597087,0.33,206.215,1.725,C
0099,0.073,0.794,0.168,41529186,12.2,27.911,0.091,D
4731,0.027,0.311,0.145,110815000,12.63,14.016,0.264,C
8125,0.021,0.184,0.074,-41014000,16.27,13.674,0.131,C
7045,0.0,0.0,0.0,-17223000,0.0,-53.678,-0.186,D
0028,0.0,0.0,0.01,-20845455,180.56,0.421,0.001,D
0212,0.019,0.205,0.113,27273000,9.84,26.345,0.06,D
7073,0.0,0.0,0.118,-9385869,20.9,1.066,0.012,D
4286,0.0,0.0,0.195,-6433321,14.57,3.656,0.04,D
5145,0.0,0.0,-0.096,-1332040,0.0,-5.045,-0.04,D
0203,0.0,0.0,0.0,5211032,250.0,0.823,-0.003,D
0178,0.0,0.0,0.106,-817793,24.88,7.593,0.002,D
7053,0.029,0.0,0.013,1746528,0.0,-2.835,-0.022,D
03009,0.0,0.0,0.0,695014,0.0,-25.411,-0.003,D
9792,0.05,0.922,0.188,54554000,30.28,19.855,0.033,D
2224,0.042,0.0,0.113,-36118000,14.21,2.032,0.015,D
5308,0.041,0.0,0.044,14170000,16.53,16.036,0.044,D
5305,0.032,0.374,0.047,-81798675,10.1,9.345,0.04,C
9431,0.0,0.0,0.407,-2303858,6.95,28.593,0.038,D
5213,0.0,0.0,-2.163,30113000,0.0,-29.674,-0.17,D
5123,0.08,1.499,0.693,97925457,18.13,3.745,0.049,D
5279,0.0,0.0,-2.816,-295230000,0.0,-102.139,-0.294,D
5163,0.0,0.0,0.026,-307032,14.23,14.484,0.058,D
7180,0.0,0.0,-0.008,6791367,936.51,0.598,0.001,D
0055,0.0,0.0,-1.301,-22946247,0.0,-69.043,-0.037,D
0251,0.004,0.196,0.346,-715739,53.05,22.193,0.015,D
5517,0.0,0.0,0.097,37398000,0.0,-1.865,-0.093,D
7412,0.0,0.0,0.047,3426757,28.01,4.884,0.037,D
5173,0.019,0.066,0.203,192913732,4.04,16.186,0.162,D
6017,0.052,0.422,0.328,34816000,9.69,6.181,0.225,C
0241,0.0,0.0,-0.146,-29777000,0.0,-39.828,-0.041,D
7246,0.0,0.0,0.077,1759000,20.92,11.586,0.033,D
0129,0.0,0.0,-0.321,-8914850,0.0,-36.173,-0.016,D
4197,0.059,0.906,0.042,211000000,10.19,8.137,0.214,D
5285,0.015,0.787,0.095,1915856000,21.63,7.387,0.36,D
5288,0.029,0.476,0.177,1002436000,16.24,3.027,0.046,C
4316,0.0,0.0,0.002,1609869,23.05,2.038,0.036,D
5172,0.0,0.0,-0.133,9058000,0.0,-22.448,-0.009,D
9776,0.0,0.0,-0.373,-3816000,0.0,-11.299,-0.037,D
7115,0.0,0.0,0.181,-1071839,5.11,13.872,0.114,D
7155,0.043,0.695,0.061,68443000,12.75,14.348,0.09,C
03008,0.044,0.926,0.155,4610525,21.21,23.966,0.03,D
7248,0.059,1.273,0.121,15220925,18.94,7.007,0.065,D
03023,0.005,0.351,0.056,-517140,66.67,2.073,0.004,D
7132,0.0,0.0,0.132,-262000,2.02,25.974,0.438,D
0117,0.0,0.0,0.198,42243000,0.0,54.292,0.004,D
0169,0.0,0.0,-0.781,-3974598,0.0,-18.842,-0.013,D
03054,0.017,0.0,0.036,1134087,0.0,2.391,0.0,D
0259,0.038,0.177,0.043,14115447,9.06,28.026,0.05,C
0215,0.0,0.0,0.083,-80510000,37.55,11.675,0.029,D
5242,0.015,0.16,0.037,-8583224,10.18,5.058,0.019,D
0093,0.0,0.0,-0.45,-29824592,0.0,-41.318,-0.09,D
4375,0.0,0.0,-0.114,5142822,0.0,-5.131,-0.008,D
5134,0.015,0.248,0.068,84805000,16.84,3.638,0.243,D
0225,0.008,0.091,0.036,-54025964,14.46,6.536,0.018,D
0045,0.051,0.0,0.0,-2623499,17.46,35.601,0.011,D
5665,0.0,0.0,-0.047,-29553000,0.0,-21.63,-0.237,D
1562,0.064,0.622,0.059,148831000,9.36,22.606,0.165,C
0216,0.0,0.0,0.04,-19484829,73.73,1.127,0.005,D
7103,0.026,0.323,0.111,-63106000,12.18,8.651,0.113,C
6084,0.024,1.613,-0.057,16035000,66.51,0.697,0.01,D
03049,0.02,0.107,0.14,2156000,6.59,44.937,0.036,D
5006,0.028,0.0,-0.36,-11651144,0.0,-18.632,-0.215,D
0080,0.0,0.0,0.005,-18911696,21.26,3.182,0.007,D
6904,0.0,0.0,0.038,17731000,313.65,0.079,0.246,D
7207,0.051,0.228,0.089,-23537296,8.31,5.563,0.086,C
2569,0.006,0.0,0.19,10044518,13.47,2.546,0.243,D
03050,0.014,0.472,0.11,18024417,43.93,15.623,0.024,D
3743,0.0,0.0,0.127,149036000,32.87,1.399,0.018,D
0262,0.0,0.0,0.059,-2248851,22.0,16.268,0.034,D
5211,0.02,0.532,0.08,201945000,20.22,5.038,0.104,C
5263,0.029,0.55,0.088,-242138000,18.26,17.298,0.105,C
5176,0.062,1.021,0.681,428046000,17.51,5.274,0.089,D
0148,0.0,0.0,0.091,-34338753,36.18,3.437,0.005,D
0001,0.027,0.538,0.211,24624682,35.97,8.839,0.04,C
03033,0.0,0.0,0.128,-437984,63.01,6.382,0.004,D
7235,0.022,0.356,0.051,17071706,47.42,1.583,0.014,C
7106,0.113,0.0,-0.296,-104973252,0.0,-3.169,-0.057,D
03018,0.043,0.431,0.063,4596091,9.13,11.0,0.068,C
6521,0.026,0.085,0.325,25997000,8.78,5.207,0.171,D
5303,0.032,0.432,0.116,102657000,10.28,6.23,0.055,C
7186,0.0,0.0,0.033,13118819,0.0,0.236,0.01,D
6139,0.038,0.313,0.168,1326068000,3.25,53.553,0.381,A
9717,0.0,0.0,0.111,-8104000,48.97,0.578,0.004,D
7082,0.215,0.0,0.45,-43495000,30.8,4.202,0.01,D
1538,0.0,0.0,-0.497,33338000,0.0,-7.18,-0.109,D
0050,0.0,0.0,0.09,575000,0.0,1.076,-0.017,D
7228,0.0,0.0,0.121,-237960718,14.08,8.924,0.028,D
5012,0.104,0.76,0.193,406772410,7.27,12.151,0.728,D
7097,0.0,0.0,-0.063,-83345000,0.0,-13.772,-0.011,D
7211,0.0,0.0,0.154,-21002771,26.83,10.252,0.027,D
2259,0.0,0.0,0.035,45111000,0.0,-4.021,-0.004,D
8524,0.084,2.4,0.3,83010000,28.77,7.081,0.027,D
5191,0.063,0.56,0.279,78311559,8.06,6.396,0.14,C
4405,0.039,0.0,-0.007,42291000,0.0,-2.178,-0.078,D
2429,0.0,0.0,0.172,-14004000,48.33,9.609,0.011,D
5149,0.03,0.0,0.473,-9522649,3.64,16.346,0.085,D
5140,0.062,0.128,0.085,54875054,7.94,14.505,0.114,C
0211,0.051,0.0,0.008,-20236627,0.0,-0.241,0.038,D
0221,0.0,0.0,-0.015,-29250426,0.0,-10.176,-0.005,D
2054,0.046,0.0,-0.03,4026000,0.0,-2.031,-0.015,D
5289,0.011,0.278,0.065,1975000,21.3,6.672,0.02,D
2739,0.0,0.0,-0.052,22095000,0.0,-51.47,0.119,D
0132,0.0,0.0,-0.135,-8192718,0.0,-32.479,-0.009,D
7439,0.03,0.035,0.096,62874735,1.95,37.22,0.742,D
7200,0.0,0.0,0.068,17757543,13.03,3.698,0.028,D
0230,0.0,0.197,0.152,121855013,38.49,5.587,0.04,D
4863,0.035,0.478,0.158,602000000,14.38,15.987,0.3,C
5347,0.044,0.878,0.11,949000000,19.06,5.202,0.6,D
9369,0.04,0.241,0.124,24732211,8.76,10.246,0.137,C
7252,0.018,0.1,0.086,31347386,5.16,16.867,0.074,D
0089,0.035,0.114,0.343,-10859744,13.36,10.787,0.037,C
8702,0.264,0.0,0.024,82081000,0.0,-2.33,0.185,D
0145,0.0,0.0,-1.155,-649000,0.0,-35.672,-0.008,D
5112,0.056,0.734,0.128,97289000,13.07,4.347,0.068,C
9075,0.023,0.422,0.026,2471000,17.5,5.865,0.065,C
7034,0.031,0.274,0.086,-38737000,9.07,10.625,0.254,C
0012,0.031,0.439,0.049,-33169000,14.48,6.463,0.072,C
7889,0.0,0.0,-0.116,46034000,0.0,-17.04,-0.013,D
7374,0.067,0.0,0.02,21208000,0.0,-5.033,-0.105,D
7854,0.0,0.444,-0.04,-560000,10.89,6.532,0.08,D
5031,0.023,0.756,0.268,303805000,3.72,8.069,0.246,D
8397,0.0,0.0,0.132,62045000,13.65,3.358,0.054,D
5239,0.0,0.0,0.051,138789354,76.25,0.378,0.003,D
0101,0.007,0.123,0.151,20114000,27.06,4.648,0.023,D
7230,0.035,0.104,0.09,-36500000,2.99,15.904,0.476,C
7285,0.026,0.0,1.362,16498000,2.06,66.299,0.197,B
5010,0.079,0.782,0.056,183219000,9.93,7.28,0.538,D
7113,0.0,0.0,-0.193,-774724000,0.0,-7.997,0.028,D
03013,0.013,0.862,0.182,3655545,0.0,10.914,0.021,D
5111,0.013,0.0,0.408,12157000,0.0,-3.443,-0.063,D
7173,0.011,2.511,0.022,-15211000,214.41,0.5,-0.007,D
7176,0.0,0.0,0.016,23239985,5.77,22.25,0.024,D
7218,0.0,0.0,-0.02,2803951,140.19,1.494,0.027,D
5054,0.031,0.101,0.054,-24634000,3.2,11.551,0.113,C
0199,0.041,0.357,0.052,12334109,10.71,5.431,0.063,C
0118,0.0,0.0,0.936,-6775726,2.92,26.997,0.008,D
5401,0.0,0.0,-0.158,-109175000,0.0,-7.142,-0.247,D
9059,0.106,0.423,0.093,123661000,4.03,17.739,0.331,C
5042,0.0,0.0,-0.214,7259000,32.04,1.016,0.008,D
0272,0.0,0.0,0.245,-8385079,48.0,13.739,0.027,D
5297,0.0,0.0,-0.082,-21265953,0.0,-36.266,-0.106,D
5230,0.0,0.0,0.036,30049000,3.38,18.412,-0.046,D
5167,0.007,0.202,0.056,5834625,34.29,1.908,0.016,D
4359,0.0,0.0,0.274,1064294,10.01,3.053,0.018,D
7079,0.0,0.0,-0.083,-25621637,0.0,-0.752,-0.001,D
7100,0.095,0.872,0.594,114677772,11.92,64.273,0.274,D
03043,0.011,0.0,0.093,1135055,0.0,9.561,0.006,D
0005,0.0,0.0,0.015,-4967900,0.0,0.353,0.0,D
1368,0.037,0.68,0.025,80194000,19.33,3.101,0.055,C
5148,0.006,0.312,0.208,380884000,42.84,1.188,0.016,D
0256,0.0,0.0,0.248,7466909,28.07,17.836,0.028,D
7137,0.032,0.668,0.204,-695062,21.48,2.197,0.095,C
7227,0.032,0.47,0.048,18314000,14.52,4.187,0.125,C
4588,0.03,0.258,0.047,695457000,8.64,11.66,0.355,C
03017,0.0,0.289,-0.214,-5719232,0.0,-33.461,0.006,D
7091,0.032,0.221,0.157,15051133,7.65,10.315,0.212,C
0257,0.022,0.0,0.06,-84352,30.78,4.182,0.007,D
5005,0.025,0.828,0.111,-190725000,31.75,6.504,0.239,D
2593,0.028,0.634,0.099,29469000,17.24,4.325,0.292,C
2089,0.104,0.726,0.394,785575000,10.43,23.557,1.451,C
7133,0.054,0.351,0.222,48950674,8.37,11.504,0.18,C
0247,0.011,2.05,0.021,6416000,52.43,2.492,0.01,D
5200,0.178,0.95,0.122,467599000,15.93,4.681,0.093,D
5110,0.073,0.998,0.695,82462836,12.62,5.866,0.09,D
7757,0.034,0.457,0.111,-4562000,13.26,4.879,0.046,C
5292,0.0,0.385,0.251,-13397888,76.52,13.478,0.05,D
7250,0.0,0.0,0.125,28513000,7.4,7.535,0.111,D
6963,0.02,0.518,0.06,-268463000,25.94,6.816,0.043,C
5243,0.0,0.0,0.09,-173836000,99.6,0.881,-0.012,D
4995,0.0,0.0,-0.003,586743,0.0,-0.877,-0.002,D
0273,0.0,0.0,0.114,4942236,10.84,30.652,0.027,D
0069,0.0,0.0,-0.921,2455942,0.0,-11.945,0.006,D
0120,0.05,0.404,0.148,4617880,17.58,9.399,0.048,C
0097,0.012,0.334,0.493,124884000,45.57,20.088,0.194,D
7070,0.0,0.0,-0.122,-41177964,0.0,-14.468,-0.094,D
0232,0.029,0.262,0.113,-8078482,28.91,6.106,0.042,C
0066,0.0,0.0,-1.64,-18402260,0.0,-15.09,-0.093,D
5162,0.046,0.339,0.029,-24003000,7.37,16.047,0.167,C
5142,0.0,0.0,0.073,129600000,44.38,2.77,-0.008,D
0102,0.0,0.0,-0.461,-21813397,0.0,-60.369,-0.03,D
7203,0.022,0.455,0.019,-13613279,21.57,2.623,0.041,C
5016,0.0,0.0,-0.009,-15747000,0.0,-2.737,-0.177,D
7226,0.0,0.0,-0.2,-26798,0.0,-2.606,-0.01,D
3565,0.0,0.0,-0.051,-554892000,23.9,8.173,0.033,D
9679,0.009,0.157,0.053,149428000,16.39,1.138,0.091,D
0197,0.0,0.208,0.329,20201973,7.5,11.029,0.036,D
7231,0.059,0.688,0.272,34061899,14.85,35.705,0.067,C
0271,0.0,0.0,0.035,14542310,244.68,5.519,0.002,D
5246,0.05,0.641,0.457,653201000,14.42,23.419,0.205,C
5009,0.0,0.0,-0.115,-60223000,0.0,-6.293,0.004,D
0162,0.0,0.0,-0.172,18728468,0.0,-4.835,-0.002,D
0008,0.042,0.502,0.094,-18679000,11.94,7.513,0.032,C
6378,0.0,0.0,0.109,37442512,0.0,-29.928,-0.016,D
7050,0.01,0.0,0.024,2913015,69.28,1.516,0.014,D
7025,0.0,0.0,-0.297,-2125262,0.0,-8.639,-0.073,D
4243,0.032,0.0,-0.052,1134000,0.0,-3.273,-0.011,D
5156,0.0,0.0,-0.047,-36670000,0.0,-2.587,-0.007,D
5267,0.0,0.0,-0.079,-4270170,0.0,-9.033,-0.064,D
7121,0.0,0.0,0.096,-19482981,55.28,3.886,0.001,D
0165,0.0,0.0,-0.1,-24429079,0.0,-56.938,-0.019,D
0140,0.0,0.0,-0.43,-20615642,0.0,-21.33,-0.011,D
0017,0.0,0.0,0.16,-3364867,32.43,9.038,0.0,D
7003,0.0,0.0,0.248,69566000,24.02,2.028,0.044,D
7178,0.031,0.265,0.155,43958000,8.51,10.938,0.244,C
5048,0.0,0.0,-0.658,-859313,0.0,-6.208,-0.072,D
0025,0.0,0.0,0.032,-10783376,146.91,1.515,0.015,D
5300,0.035,0.416,0.081,5044721,12.33,10.271,0.072,C
0248,0.0,0.0,-0.025,4343029,0.0,-0.562,-0.003,D
0086,0.0,0.0,-0.037,609179,0.0,-2.849,-0.005,D
7293,0.008,0.183,0.201,-2344000000,13.09,9.719,0.167,D
7020,0.0,0.0,-0.005,3660971,0.0,-11.211,-0.013,D
7014,0.0,0.0,0.082,-8095000,7.74,3.636,0.033,D
3158,0.0,0.0,0.231,24588648,0.0,-2.587,-0.005,D
7066,0.0,0.0,-0.015,-48212179,0.0,-8.419,-0.06,D
5159,0.042,0.235,0.194,29487000,6.5,13.078,0.24,C
